cik10,feature_year,company_name,split,research_sector,sic,target_status,D5_revenues,anchor_t1_accn,B_revenues_reason,B_revenues_strategy,B_comparative_t_revenues_value,B_current_t1_revenues_value,B_comparative_t_revenues_tag,B_current_t1_revenues_tag,B_comparative_t_revenues_accn,B_current_t1_revenues_accn,B_comparative_t_revenues_start,B_comparative_t_revenues_end,B_current_t1_revenues_start,B_current_t1_revenues_end,B_comparative_t_revenues_statement_file,B_comparative_t_revenues_statement_short_name,B_comparative_t_revenues_statement_long_name,B_comparative_t_revenues_statement_role_uri,B_comparative_t_revenues_statement_label,B_comparative_t_revenues_statement_concepts,B_comparative_t_revenues_statement_row_class,B_comparative_t_revenues_statement_priority,B_comparative_t_revenues_statement_scale,B_comparative_t_revenues_statement_scale_label,B_revenues_statement_candidate_count,B_revenues_statement_candidates_json,year_band,old_concept_pair,revision_delta,scaled_revision_delta,abs_revenue_revision_delta,abs_scaled_revision_delta,review_category,statement_url,local_statement_path,manual_review_outcome,manual_statement_is_primary_consolidated,manual_row_is_total_revenue,manual_current_value_matches,manual_comparative_value_matches,manual_provenance_matches,manual_selection_error,manual_notes
0000202058,2011,"L3HARRIS TECHNOLOGIES, INC. /DE/",train,Technology,3812,available,0.0,0001193125-12-369967,primary_statement_consolidated_revenue_confirmed,sales_revenue_net,5418400000.0,5451300000.0,SalesRevenueNet,SalesRevenueNet,0001193125-12-369967,0001193125-12-369967,2010-07-03,2011-07-01,2011-07-02,2012-06-29,R2.htm,Consolidated Statement of Income,111000 - Statement - Consolidated Statement of Income,http://harris.com/role/ConsolidatedStatementOfIncome,Total Revenue,us-gaap:SalesRevenueNet,rou,0.0,1000000.0,millions,1.0,"[{""statement_file"":""R2.htm"",""short_name"":""Consolidated Statement of Income"",""long_name"":""111000 - Statement - Consolidated Statement of Income"",""role"":""http://harris.com/role/ConsolidatedStatementOfIncome"",""label"":""Total Revenue"",""concepts"":""us-gaap:SalesRevenueNet"",""row_class"":""rou"",""scale"":1000000.0,""scale_label"":""millions"",""statement_priority"":""0"",""comparative_end"":""2011-07-01"",""comparative_value"":5418400000.0,""current_end"":""2012-06-29"",""current_value"":5451300000.0}]",2011-2014,sales_revenue_net -> revenues_general,,,,,historical_concept_conflict,https://www.sec.gov/Archives/edgar/data/202058/000119312512369967/R2.htm,data/raw/sec_filings/revenue_statement_evidence/0000202058/000119312512369967/R2.htm,pending,,,,,,,
0000813672,2011,CADENCE DESIGN SYSTEMS INC,train,Technology,7372,available,0.0,0000813672-13-000007,primary_statement_consolidated_revenue_confirmed,sales_revenue_net,1149835000.0,1326424000.0,SalesRevenueNet,SalesRevenueNet,0000813672-13-000007,0000813672-13-000007,2011-01-02,2011-12-31,2012-01-01,2012-12-29,R3.htm,Consolidated Income Statements,1001000 - Statement - Consolidated Income Statements,http://www.cadence.com/role/ConsolidatedIncomeStatements,Total revenue,us-gaap:SalesRevenueNet,reu,0.0,1000.0,thousands,1.0,"[{""statement_file"":""R3.htm"",""short_name"":""Consolidated Income Statements"",""long_name"":""1001000 - Statement - Consolidated Income Statements"",""role"":""http://www.cadence.com/role/ConsolidatedIncomeStatements"",""label"":""Total revenue"",""concepts"":""us-gaap:SalesRevenueNet"",""row_class"":""reu"",""scale"":1000.0,""scale_label"":""thousands"",""statement_priority"":""0"",""comparative_end"":""2011-12-31"",""comparative_value"":1149835000.0,""current_end"":""2012-12-29"",""current_value"":1326424000.0}]",2011-2014,sales_revenue_net -> goods_revenue_only,,,,,historical_concept_conflict,https://www.sec.gov/Archives/edgar/data/813672/000081367213000007/R3.htm,data/raw/sec_filings/revenue_statement_evidence/0000813672/000081367213000007/R3.htm,pending,,,,,,,
0001232524,2011,Jazz Pharmaceuticals plc,train,Industrials_Manufacturing,2834,available,0.0,0001232524-13-000010,primary_statement_consolidated_revenue_confirmed,revenues_general,272277000.0,585979000.0,Revenues,Revenues,0001232524-13-000010,0001232524-13-000010,2011-01-01,2011-12-31,2012-01-01,2012-12-31,R4.htm,Consolidated Statements of Income,1002000 - Statement - Consolidated Statements of Income,http://www.jazzpharma.com/role/ConsolidatedStatementsOfIncome,Total revenues,us-gaap:Revenues,rou,0.0,1000.0,thousands,1.0,"[{""statement_file"":""R4.htm"",""short_name"":""Consolidated Statements of Income"",""long_name"":""1002000 - Statement - Consolidated Statements of Income"",""role"":""http://www.jazzpharma.com/role/ConsolidatedStatementsOfIncome"",""label"":""Total revenues"",""concepts"":""us-gaap:Revenues"",""row_class"":""rou"",""scale"":1000.0,""scale_label"":""thousands"",""statement_priority"":""0"",""comparative_end"":""2011-12-31"",""comparative_value"":272277000.0,""current_end"":""2012-12-31"",""current_value"":585979000.0}]",2011-2014,revenues_general -> goods_revenue_only,,,,,historical_concept_conflict,https://www.sec.gov/Archives/edgar/data/1232524/000123252413000010/R4.htm,data/raw/sec_filings/revenue_statement_evidence/0001232524/000123252413000010/R4.htm,pending,,,,,,,
0001520262,2011,Alkermes plc.,train,Industrials_Manufacturing,2834,available,0.0,0001047469-13-006422,primary_statement_consolidated_revenue_confirmed,sales_revenue_net,389977000.0,575548000.0,SalesRevenueNet,SalesRevenueNet,0001047469-13-006422,0001047469-13-006422,2011-04-01,2012-03-31,2012-04-01,2013-03-31,R4.htm,CONSOLIDATED STATEMENTS OF OPERATIONS AND COMPREHENSIVE INCOME (LOSS),0020 - Statement - CONSOLIDATED STATEMENTS OF OPERATIONS AND COMPREHENSIVE INCOME (LOSS),http://www.alkermes.com/role/StatementOfIncome,Total revenues,us-gaap:SalesRevenueNet,reu,0.0,1000.0,thousands,1.0,"[{""statement_file"":""R4.htm"",""short_name"":""CONSOLIDATED STATEMENTS OF OPERATIONS AND COMPREHENSIVE INCOME (LOSS)"",""long_name"":""0020 - Statement - CONSOLIDATED STATEMENTS OF OPERATIONS AND COMPREHENSIVE INCOME (LOSS)"",""role"":""http://www.alkermes.com/role/StatementOfIncome"",""label"":""Total revenues"",""concepts"":""us-gaap:SalesRevenueNet"",""row_class"":""reu"",""scale"":1000.0,""scale_label"":""thousands"",""statement_priority"":""0"",""comparative_end"":""2012-03-31"",""comparative_value"":389977000.0,""current_end"":""2013-03-31"",""current_value"":575548000.0}]",2011-2014,sales_revenue_net -> goods_revenue_only,,,,,historical_concept_conflict,https://www.sec.gov/Archives/edgar/data/1520262/000104746913006422/R4.htm,data/raw/sec_filings/revenue_statement_evidence/0001520262/000104746913006422/R4.htm,pending,,,,,,,
0000863894,2012,VERU INC.,train,Industrials_Manufacturing,2834,available,1.0,0001171843-13-004893,primary_statement_consolidated_revenue_confirmed,sales_revenue_net,35033897.0,31456778.0,SalesRevenueNet,SalesRevenueNet,0001171843-13-004893,0001171843-13-004893,2011-10-01,2012-09-30,2012-10-01,2013-09-30,R4.htm,Consolidated Statements Of Income,003 - Statement - Consolidated Statements Of Income,http://www.femalehealth.com/role/ConsolidatedComprehensiveIncome,Net revenues,us-gaap:SalesRevenueNet,re,1.0,1.0,units,1.0,"[{""statement_file"":""R4.htm"",""short_name"":""Consolidated Statements Of Income"",""long_name"":""003 - Statement - Consolidated Statements Of Income"",""role"":""http://www.femalehealth.com/role/ConsolidatedComprehensiveIncome"",""label"":""Net revenues"",""concepts"":""us-gaap:SalesRevenueNet"",""row_class"":""re"",""scale"":1.0,""scale_label"":""units"",""statement_priority"":""1"",""comparative_end"":""2012-09-30"",""comparative_value"":35033897.0,""current_end"":""2013-09-30"",""current_value"":31456778.0}]",2011-2014,sales_revenue_net -> revenues_general,,,,,historical_concept_conflict,https://www.sec.gov/Archives/edgar/data/863894/000117184313004893/R4.htm,data/raw/sec_filings/revenue_statement_evidence/0000863894/000117184313004893/R4.htm,pending,,,,,,,
0001438231,2012,Digimarc CORP,train,Technology,7373,available,1.0,0001193125-14-062441,primary_statement_consolidated_revenue_confirmed,revenues_general,44375000.0,34964000.0,Revenues,Revenues,0001193125-14-062441,0001193125-14-062441,2012-01-01,2012-12-31,2013-01-01,2013-12-31,R4.htm,Consolidated Statements of Operations,105 - Statement - Consolidated Statements of Operations,http://www.digimarc.com/taxonomy/role/StatementOfIncome,Total revenue,us-gaap:Revenues,reu,0.0,1000.0,thousands,1.0,"[{""statement_file"":""R4.htm"",""short_name"":""Consolidated Statements of Operations"",""long_name"":""105 - Statement - Consolidated Statements of Operations"",""role"":""http://www.digimarc.com/taxonomy/role/StatementOfIncome"",""label"":""Total revenue"",""concepts"":""us-gaap:Revenues"",""row_class"":""reu"",""scale"":1000.0,""scale_label"":""thousands"",""statement_priority"":""0"",""comparative_end"":""2012-12-31"",""comparative_value"":44375000.0,""current_end"":""2013-12-31"",""current_value"":34964000.0}]",2011-2014,revenues_general -> services_revenue_only,,,,,historical_concept_conflict,https://www.sec.gov/Archives/edgar/data/1438231/000119312514062441/R4.htm,data/raw/sec_filings/revenue_statement_evidence/0001438231/000119312514062441/R4.htm,pending,,,,,,,
0000056679,2013,KORN FERRY,train,Extended_Candidate,7361,available,0.0,0001193125-14-253292,primary_statement_consolidated_revenue_confirmed,revenues_general,849701000.0,995559000.0,Revenues,Revenues,0001193125-14-253292,0001193125-14-253292,2012-05-01,2013-04-30,2013-05-01,2014-04-30,R4.htm,CONSOLIDATED STATEMENTS OF INCOME,105 - Statement - CONSOLIDATED STATEMENTS OF INCOME,http://www.kornferry.com/taxonomy/role/StatementOfIncomeAlternative,Total revenue,us-gaap:Revenues,reu,0.0,1000.0,thousands,1.0,"[{""statement_file"":""R4.htm"",""short_name"":""CONSOLIDATED STATEMENTS OF INCOME"",""long_name"":""105 - Statement - CONSOLIDATED STATEMENTS OF INCOME"",""role"":""http://www.kornferry.com/taxonomy/role/StatementOfIncomeAlternative"",""label"":""Total revenue"",""concepts"":""us-gaap:Revenues"",""row_class"":""reu"",""scale"":1000.0,""scale_label"":""thousands"",""statement_priority"":""0"",""comparative_end"":""2013-04-30"",""comparative_value"":849701000.0,""current_end"":""2014-04-30"",""current_value"":995559000.0}]",2011-2014,revenues_general -> services_revenue_only,,,,,historical_concept_conflict,https://www.sec.gov/Archives/edgar/data/56679/000119312514253292/R4.htm,data/raw/sec_filings/revenue_statement_evidence/0000056679/000119312514253292/R4.htm,pending,,,,,,,
0000857005,2013,PTC INC.,train,Technology,7372,available,0.0,0000857005-14-000032,primary_statement_consolidated_revenue_confirmed,sales_revenue_net,1293541000.0,1356967000.0,SalesRevenueNet,SalesRevenueNet,0000857005-14-000032,0000857005-14-000032,2012-10-01,2013-09-30,2013-10-01,2014-09-30,R4.htm,Consolidated Statements Of Operations,1002000 - Statement - Consolidated Statements Of Operations,http://www.ptc.com/role/ConsolidatedStatementsOfOperations,Total revenue,us-gaap:SalesRevenueNet,reu,0.0,1000.0,thousands,1.0,"[{""statement_file"":""R4.htm"",""short_name"":""Consolidated Statements Of Operations"",""long_name"":""1002000 - Statement - Consolidated Statements Of Operations"",""role"":""http://www.ptc.com/role/ConsolidatedStatementsOfOperations"",""label"":""Total revenue"",""concepts"":""us-gaap:SalesRevenueNet"",""row_class"":""reu"",""scale"":1000.0,""scale_label"":""thousands"",""statement_priority"":""0"",""comparative_end"":""2013-09-30"",""comparative_value"":1293541000.0,""current_end"":""2014-09-30"",""current_value"":1356967000.0}]",2011-2014,sales_revenue_net -> services_revenue_only,,,,,historical_concept_conflict,https://www.sec.gov/Archives/edgar/data/857005/000085700514000032/R4.htm,data/raw/sec_filings/revenue_statement_evidence/0000857005/000085700514000032/R4.htm,pending,,,,,,,
0001041061,2013,YUM BRANDS INC,train,Retail,5812,available,0.0,0001041061-15-000007,primary_statement_consolidated_revenue_confirmed,revenues_general,13084000000.0,13279000000.0,Revenues,Revenues,0001041061-15-000007,0001041061-15-000007,2012-12-30,2013-12-28,2013-12-29,2014-12-27,R2.htm,Consolidated Statements of Income,1001000 - Statement - Consolidated Statements of Income,http://www.yum.com/role/ConsolidatedStatementsOfIncome,Total revenues,us-gaap:Revenues,rou,0.0,1000000.0,millions,1.0,"[{""statement_file"":""R2.htm"",""short_name"":""Consolidated Statements of Income"",""long_name"":""1001000 - Statement - Consolidated Statements of Income"",""role"":""http://www.yum.com/role/ConsolidatedStatementsOfIncome"",""label"":""Total revenues"",""concepts"":""us-gaap:Revenues"",""row_class"":""rou"",""scale"":1000000.0,""scale_label"":""millions"",""statement_priority"":""0"",""comparative_end"":""2013-12-28"",""comparative_value"":13084000000.0,""current_end"":""2014-12-27"",""current_value"":13279000000.0}]",2011-2014,revenues_general -> goods_revenue_only,,,,,historical_concept_conflict,https://www.sec.gov/Archives/edgar/data/1041061/000104106115000007/R2.htm,data/raw/sec_filings/revenue_statement_evidence/0001041061/000104106115000007/R2.htm,pending,,,,,,,
0000724910,2014,NVE CORP /NEW/,train,Technology,3674,available,0.0,0000724910-16-000052,primary_statement_consolidated_revenue_confirmed,revenues_general,30584088.0,27717278.0,Revenues,Revenues,0000724910-16-000052,0000724910-16-000052,2014-04-01,2015-03-31,2015-04-01,2016-03-31,R4.htm,Statements of Income,003 - Statement - Statements of Income,http://www.nve.com/20160331/role/statement-statements-of-income,Total revenue,us-gaap:Revenues,rou,0.0,1.0,units,1.0,"[{""statement_file"":""R4.htm"",""short_name"":""Statements of Income"",""long_name"":""003 - Statement - Statements of Income"",""role"":""http://www.nve.com/20160331/role/statement-statements-of-income"",""label"":""Total revenue"",""concepts"":""us-gaap:Revenues"",""row_class"":""rou"",""scale"":1.0,""scale_label"":""units"",""statement_priority"":""0"",""comparative_end"":""2015-03-31"",""comparative_value"":30584088.0,""current_end"":""2016-03-31"",""current_value"":27717278.0}]",2011-2014,revenues_general -> goods_revenue_only,,,,,historical_concept_conflict,https://www.sec.gov/Archives/edgar/data/724910/000072491016000052/R4.htm,data/raw/sec_filings/revenue_statement_evidence/0000724910/000072491016000052/R4.htm,pending,,,,,,,
0001611983,2014,Liberty Broadband Corp,train,Extended_Candidate,4841,missing,0.0,0001558370-16-003202,primary_statement_consolidated_revenue_confirmed,sales_revenue_net,69045000.0,91182000.0,SalesRevenueNet,SalesRevenueNet,0001558370-16-003202,0001558370-16-003202,2014-01-01,2014-12-31,2015-01-01,2015-12-31,R4.htm,Condensed Combined Statements of Operations,00200 - Statement - Condensed Combined Statements of Operations,http://ir.libertybroadband.com/role/StatementCondensedCombinedStatementsOfOperations,Total revenue,us-gaap:SalesRevenueNet,rou,0.0,1000.0,thousands,1.0,"[{""statement_file"":""R4.htm"",""short_name"":""Condensed Combined Statements of Operations"",""long_name"":""00200 - Statement - Condensed Combined Statements of Operations"",""role"":""http://ir.libertybroadband.com/role/StatementCondensedCombinedStatementsOfOperations"",""label"":""Total revenue"",""concepts"":""us-gaap:SalesRevenueNet"",""row_class"":""rou"",""scale"":1000.0,""scale_label"":""thousands"",""statement_priority"":""0"",""comparative_end"":""2014-12-31"",""comparative_value"":69045000.0,""current_end"":""2015-12-31"",""current_value"":91182000.0}]",2011-2014,sales_revenue_net -> services_revenue_only,,,,,historical_concept_conflict,https://www.sec.gov/Archives/edgar/data/1611983/000155837016003202/R4.htm,data/raw/sec_filings/revenue_statement_evidence/0001611983/000155837016003202/R4.htm,pending,,,,,,,
0000310142,2015,SENSIENT TECHNOLOGIES CORP,train,Industrials_Manufacturing,2860,available,0.0,0001140361-17-008738,primary_statement_consolidated_revenue_confirmed,goods_revenue_only,1375964000.0,1383210000.0,SalesRevenueGoodsNet,SalesRevenueGoodsNet,0001140361-17-008738,0001140361-17-008738,2015-01-01,2015-12-31,2016-01-01,2016-12-31,R2.htm,CONSOLIDATED STATEMENTS OF EARNINGS,010000 - Statement - CONSOLIDATED STATEMENTS OF EARNINGS,http://sensient.com/role/ConsolidatedStatementsOfEarnings,Revenue,us-gaap:SalesRevenueGoodsNet,ro,0.0,1000.0,thousands,1.0,"[{""statement_file"":""R2.htm"",""short_name"":""CONSOLIDATED STATEMENTS OF EARNINGS"",""long_name"":""010000 - Statement - CONSOLIDATED STATEMENTS OF EARNINGS"",""role"":""http://sensient.com/role/ConsolidatedStatementsOfEarnings"",""label"":""Revenue"",""concepts"":""us-gaap:SalesRevenueGoodsNet"",""row_class"":""ro"",""scale"":1000.0,""scale_label"":""thousands"",""statement_priority"":""0"",""comparative_end"":""2015-12-31"",""comparative_value"":1375964000.0,""current_end"":""2016-12-31"",""current_value"":1383210000.0}]",2015-2018,revenues_general -> goods_revenue_only,,,,,historical_concept_conflict,https://www.sec.gov/Archives/edgar/data/310142/000114036117008738/R2.htm,data/raw/sec_filings/revenue_statement_evidence/0000310142/000114036117008738/R2.htm,pending,,,,,,,
0000789019,2015,MICROSOFT CORP,train,Technology,7372,available,0.0,0001193125-16-662209,primary_statement_consolidated_revenue_confirmed,sales_revenue_net,93580000000.0,85320000000.0,SalesRevenueNet,SalesRevenueNet,0001193125-16-662209,0001193125-16-662209,2014-07-01,2015-06-30,2015-07-01,2016-06-30,R2.htm,INCOME STATEMENTS,1003 - Statement - INCOME STATEMENTS,http://www.microsoft.com/taxonomy/role/StatementOfIncome,Total revenue,us-gaap:SalesRevenueNet,rou,0.0,1000000.0,millions,1.0,"[{""statement_file"":""R2.htm"",""short_name"":""INCOME STATEMENTS"",""long_name"":""1003 - Statement - INCOME STATEMENTS"",""role"":""http://www.microsoft.com/taxonomy/role/StatementOfIncome"",""label"":""Total revenue"",""concepts"":""us-gaap:SalesRevenueNet"",""row_class"":""rou"",""scale"":1000000.0,""scale_label"":""millions"",""statement_priority"":""0"",""comparative_end"":""2015-06-30"",""comparative_value"":93580000000.0,""current_end"":""2016-06-30"",""current_value"":85320000000.0}]",2015-2018,sales_revenue_net -> goods_revenue_only,,,,,historical_concept_conflict,https://www.sec.gov/Archives/edgar/data/789019/000119312516662209/R2.htm,data/raw/sec_filings/revenue_statement_evidence/0000789019/000119312516662209/R2.htm,pending,,,,,,,
0001176334,2015,MARTIN MIDSTREAM PARTNERS L.P.,train,Extended_Candidate,5171,available,1.0,0001176334-17-000011,primary_statement_consolidated_revenue_confirmed,sales_revenue_net,1036844000.0,827391000.0,SalesRevenueNet,SalesRevenueNet,0001176334-17-000011,0001176334-17-000011,2015-01-01,2015-12-31,2016-01-01,2016-12-31,R4.htm,CONSOLIDATED STATEMENTS OF OPERATIONS,1002000 - Statement - CONSOLIDATED STATEMENTS OF OPERATIONS,http://www.martinmidstream.com/role/ConsolidatedStatementsOfOperations,Total revenues,us-gaap:SalesRevenueNet,reu,0.0,1000.0,thousands,1.0,"[{""statement_file"":""R4.htm"",""short_name"":""CONSOLIDATED STATEMENTS OF OPERATIONS"",""long_name"":""1002000 - Statement - CONSOLIDATED STATEMENTS OF OPERATIONS"",""role"":""http://www.martinmidstream.com/role/ConsolidatedStatementsOfOperations"",""label"":""Total revenues"",""concepts"":""us-gaap:SalesRevenueNet"",""row_class"":""reu"",""scale"":1000.0,""scale_label"":""thousands"",""statement_priority"":""0"",""comparative_end"":""2015-12-31"",""comparative_value"":1036844000.0,""current_end"":""2016-12-31"",""current_value"":827391000.0}]",2015-2018,sales_revenue_net -> goods_revenue_only,,,,,historical_concept_conflict,https://www.sec.gov/Archives/edgar/data/1176334/000117633417000011/R4.htm,data/raw/sec_filings/revenue_statement_evidence/0001176334/000117633417000011/R4.htm,pending,,,,,,,
0000746838,2016,UNISYS CORP,train,Technology,7373,available,0.0,0000746838-18-000009,primary_statement_consolidated_revenue_confirmed,revenues_general,2820700000.0,2741800000.0,Revenues,Revenues,0000746838-18-000009,0000746838-18-000009,2016-01-01,2016-12-31,2017-01-01,2017-12-31,R2.htm,Consolidated Statements of Income,1001000 - Statement - Consolidated Statements of Income,http://www.unisys.com/role/ConsolidatedStatementsOfIncome,Total revenue,us-gaap:Revenues,rou,0.0,1000000.0,millions,1.0,"[{""statement_file"":""R2.htm"",""short_name"":""Consolidated Statements of Income"",""long_name"":""1001000 - Statement - Consolidated Statements of Income"",""role"":""http://www.unisys.com/role/ConsolidatedStatementsOfIncome"",""label"":""Total revenue"",""concepts"":""us-gaap:Revenues"",""row_class"":""rou"",""scale"":1000000.0,""scale_label"":""millions"",""statement_priority"":""0"",""comparative_end"":""2016-12-31"",""comparative_value"":2820700000.0,""current_end"":""2017-12-31"",""current_value"":2741800000.0}]",2015-2018,revenues_general -> services_revenue_only,,,,,historical_concept_conflict,https://www.sec.gov/Archives/edgar/data/746838/000074683818000009/R2.htm,data/raw/sec_filings/revenue_statement_evidence/0000746838/000074683818000009/R2.htm,pending,,,,,,,
0000883107,2016,"SOLESENCE, INC.",train,Industrials_Manufacturing,2844,available,0.0,0001387131-18-001319,primary_statement_consolidated_revenue_confirmed,sales_revenue_net,10783000.0,12471000.0,SalesRevenueNet,SalesRevenueNet,0001387131-18-001319,0001387131-18-001319,2016-01-01,2016-12-31,2017-01-01,2017-12-31,R4.htm,STATEMENTS OF OPERATIONS,00000004 - Statement - STATEMENTS OF OPERATIONS,http://nanophase.com/role/StatementsOfOperations,Total revenue,us-gaap:SalesRevenueNet,rou,0.0,1000.0,thousands,1.0,"[{""statement_file"":""R4.htm"",""short_name"":""STATEMENTS OF OPERATIONS"",""long_name"":""00000004 - Statement - STATEMENTS OF OPERATIONS"",""role"":""http://nanophase.com/role/StatementsOfOperations"",""label"":""Total revenue"",""concepts"":""us-gaap:SalesRevenueNet"",""row_class"":""rou"",""scale"":1000.0,""scale_label"":""thousands"",""statement_priority"":""0"",""comparative_end"":""2016-12-31"",""comparative_value"":10783000.0,""current_end"":""2017-12-31"",""current_value"":12471000.0}]",2015-2018,sales_revenue_net -> goods_revenue_only,,,,,historical_concept_conflict,https://www.sec.gov/Archives/edgar/data/883107/000138713118001319/R4.htm,data/raw/sec_filings/revenue_statement_evidence/0000883107/000138713118001319/R4.htm,pending,,,,,,,
0001057379,2016,"HACKETT GROUP, INC.",train,Extended_Candidate,8742,available,0.0,0001564590-18-005161,primary_statement_consolidated_revenue_confirmed,revenues_general,288561000.0,285862000.0,Revenues,Revenues,0001564590-18-005161,0001564590-18-005161,2016-01-02,2016-12-30,2016-12-31,2017-12-29,R4.htm,Consolidated Statements of Operations,100030 - Statement - Consolidated Statements of Operations,http://www.thehackettgroup.com/20171229/taxonomy/role/StatementConsolidatedStatementsOfOperations,Total revenue,us-gaap:Revenues,rou,0.0,1000.0,thousands,1.0,"[{""statement_file"":""R4.htm"",""short_name"":""Consolidated Statements of Operations"",""long_name"":""100030 - Statement - Consolidated Statements of Operations"",""role"":""http://www.thehackettgroup.com/20171229/taxonomy/role/StatementConsolidatedStatementsOfOperations"",""label"":""Total revenue"",""concepts"":""us-gaap:Revenues"",""row_class"":""rou"",""scale"":1000.0,""scale_label"":""thousands"",""statement_priority"":""0"",""comparative_end"":""2016-12-30"",""comparative_value"":288561000.0,""current_end"":""2017-12-29"",""current_value"":285862000.0}]",2015-2018,revenues_general -> services_revenue_only,,,,,historical_concept_conflict,https://www.sec.gov/Archives/edgar/data/1057379/000156459018005161/R4.htm,data/raw/sec_filings/revenue_statement_evidence/0001057379/000156459018005161/R4.htm,pending,,,,,,,
0001087294,2016,CUMBERLAND PHARMACEUTICALS INC,train,Industrials_Manufacturing,2834,available,0.0,0001628280-18-003034,primary_statement_consolidated_revenue_confirmed,sales_revenue_net,33025560.0,41150131.0,SalesRevenueNet,SalesRevenueNet,0001628280-18-003034,0001628280-18-003034,2016-01-01,2016-12-31,2017-01-01,2017-12-31,R4.htm,Consolidated Statements of Income and Comprehensive Income (Loss),1002000 - Statement - Consolidated Statements of Income and Comprehensive Income (Loss),http://cumberlandpharma.com/role/ConsolidatedStatementsOfIncomeAndComprehensiveIncomeLoss,Net revenues,us-gaap:SalesRevenueNet,rou,1.0,1.0,units,1.0,"[{""statement_file"":""R4.htm"",""short_name"":""Consolidated Statements of Income and Comprehensive Income (Loss)"",""long_name"":""1002000 - Statement - Consolidated Statements of Income and Comprehensive Income (Loss)"",""role"":""http://cumberlandpharma.com/role/ConsolidatedStatementsOfIncomeAndComprehensiveIncomeLoss"",""label"":""Net revenues"",""concepts"":""us-gaap:SalesRevenueNet"",""row_class"":""rou"",""scale"":1.0,""scale_label"":""units"",""statement_priority"":""1"",""comparative_end"":""2016-12-31"",""comparative_value"":33025560.0,""current_end"":""2017-12-31"",""current_value"":41150131.0}]",2015-2018,sales_revenue_net -> revenues_general,,,,,historical_concept_conflict,https://www.sec.gov/Archives/edgar/data/1087294/000162828018003034/R4.htm,data/raw/sec_filings/revenue_statement_evidence/0001087294/000162828018003034/R4.htm,pending,,,,,,,
0001611046,2016,ModuLink Inc.,train,Extended_Candidate,7000,missing,1.0,0001553350-17-000782,primary_statement_consolidated_revenue_confirmed,revenues_general,98943.0,60534.0,Revenues,Revenues,0001553350-17-000782,0001553350-17-000782,2015-01-01,2015-12-31,2016-01-01,2016-12-31,R4.htm,STATEMENTS OF OPERATIONS,00000004 - Statement - STATEMENTS OF OPERATIONS,http://Internationalendeavorscorp.com/role/IncomeStatement4,Total Revenue,us-gaap:Revenues,reu,0.0,1.0,units,1.0,"[{""statement_file"":""R4.htm"",""short_name"":""STATEMENTS OF OPERATIONS"",""long_name"":""00000004 - Statement - STATEMENTS OF OPERATIONS"",""role"":""http://Internationalendeavorscorp.com/role/IncomeStatement4"",""label"":""Total Revenue"",""concepts"":""us-gaap:Revenues"",""row_class"":""reu"",""scale"":1.0,""scale_label"":""units"",""statement_priority"":""0"",""comparative_end"":""2015-12-31"",""comparative_value"":98943.0,""current_end"":""2016-12-31"",""current_value"":60534.0}]",2015-2018,sales_revenue_net -> revenues_general,,,,,historical_concept_conflict,https://www.sec.gov/Archives/edgar/data/1611046/000155335017000782/R4.htm,data/raw/sec_filings/revenue_statement_evidence/0001611046/000155335017000782/R4.htm,pending,,,,,,,
0000004457,2018,U-Haul Holding Co /NV/,train,Extended_Candidate,7510,missing,0.0,0000004457-20-000053,primary_statement_consolidated_revenue_confirmed,revenues_general,3768707000.0,3978868000.0,Revenues,Revenues,0000004457-20-000053,0000004457-20-000053,2018-04-01,2019-03-31,2019-04-01,2020-03-31,R4.htm,Condensed Consolidated Statements of Operations,00020 - Statement - Condensed Consolidated Statements of Operations,http://amerco.com/role/StatementOfIncome,Total revenues,us-gaap:Revenues,rou,0.0,1000.0,thousands,1.0,"[{""statement_file"":""R4.htm"",""short_name"":""Condensed Consolidated Statements of Operations"",""long_name"":""00020 - Statement - Condensed Consolidated Statements of Operations"",""role"":""http://amerco.com/role/StatementOfIncome"",""label"":""Total revenues"",""concepts"":""us-gaap:Revenues"",""row_class"":""rou"",""scale"":1000.0,""scale_label"":""thousands"",""statement_priority"":""0"",""comparative_end"":""2019-03-31"",""comparative_value"":3768707000.0,""current_end"":""2020-03-31"",""current_value"":3978868000.0}]",2015-2018,revenues_general -> contract_revenue_including_tax,,,,,historical_concept_conflict,https://www.sec.gov/Archives/edgar/data/4457/000000445720000053/R4.htm,data/raw/sec_filings/revenue_statement_evidence/0000004457/000000445720000053/R4.htm,pending,,,,,,,
0001524472,2018,Xylem Inc.,train,Industrials_Manufacturing,3561,available,0.0,0001524472-20-000006,primary_statement_consolidated_revenue_confirmed,revenues_general,5207000000.0,5249000000.0,Revenues,Revenues,0001524472-20-000006,0001524472-20-000006,2018-01-01,2018-12-31,2019-01-01,2019-12-31,R2.htm,Consolidated Income Statements,1001000 - Statement - Consolidated Income Statements,http://www.xyleminc.com/role/ConsolidatedIncomeStatements,Revenue,us-gaap:Revenues,ro,0.0,1000000.0,millions,1.0,"[{""statement_file"":""R2.htm"",""short_name"":""Consolidated Income Statements"",""long_name"":""1001000 - Statement - Consolidated Income Statements"",""role"":""http://www.xyleminc.com/role/ConsolidatedIncomeStatements"",""label"":""Revenue"",""concepts"":""us-gaap:Revenues"",""row_class"":""ro"",""scale"":1000000.0,""scale_label"":""millions"",""statement_priority"":""0"",""comparative_end"":""2018-12-31"",""comparative_value"":5207000000.0,""current_end"":""2019-12-31"",""current_value"":5249000000.0}]",2015-2018,revenues_general -> contract_revenue_including_tax,,,,,historical_concept_conflict,https://www.sec.gov/Archives/edgar/data/1524472/000152447220000006/R2.htm,data/raw/sec_filings/revenue_statement_evidence/0001524472/000152447220000006/R2.htm,pending,,,,,,,
0000821026,2019,"Andersons, Inc.",train,Extended_Candidate,5150,available,0.0,0000821026-21-000060,primary_statement_consolidated_revenue_confirmed,revenues_general,8170191000.0,8208436000.0,Revenues,Revenues,0000821026-21-000060,0000821026-21-000060,2019-01-01,2019-12-31,2020-01-01,2020-12-31,R4.htm,Consolidated Statements of Operations,100030004 - Statement - Consolidated Statements of Operations,http://www.andersonsinc.com/role/ConsolidatedStatementsofOperations,Revenues,us-gaap:Revenues,ro,0.0,1000.0,thousands,1.0,"[{""statement_file"":""R4.htm"",""short_name"":""Consolidated Statements of Operations"",""long_name"":""100030004 - Statement - Consolidated Statements of Operations"",""role"":""http://www.andersonsinc.com/role/ConsolidatedStatementsofOperations"",""label"":""Revenues"",""concepts"":""us-gaap:Revenues"",""row_class"":""ro"",""scale"":1000.0,""scale_label"":""thousands"",""statement_priority"":""0"",""comparative_end"":""2019-12-31"",""comparative_value"":8170191000.0,""current_end"":""2020-12-31"",""current_value"":8208436000.0}]",2019-2022,contract_revenue_excluding_tax -> revenues_general,,,,,historical_concept_conflict,https://www.sec.gov/Archives/edgar/data/821026/000082102621000060/R4.htm,data/raw/sec_filings/revenue_statement_evidence/0000821026/000082102621000060/R4.htm,pending,,,,,,,
0001294133,2019,Inogen Inc,train,Industrials_Manufacturing,3842,available,1.0,0001564590-21-008106,primary_statement_consolidated_revenue_confirmed,revenues_general,361943000.0,308487000.0,Revenues,Revenues,0001564590-21-008106,0001564590-21-008106,2019-01-01,2019-12-31,2020-01-01,2020-12-31,R4.htm,Consolidated Statements of Comprehensive Income (Loss),100030 - Statement - Consolidated Statements of Comprehensive Income (Loss),http://www.inogen.net/20201231/taxonomy/role/StatementConsolidatedStatementsOfComprehensiveIncomeLoss,Total revenue,us-gaap:Revenues,rou,1.0,1000.0,thousands,1.0,"[{""statement_file"":""R4.htm"",""short_name"":""Consolidated Statements of Comprehensive Income (Loss)"",""long_name"":""100030 - Statement - Consolidated Statements of Comprehensive Income (Loss)"",""role"":""http://www.inogen.net/20201231/taxonomy/role/StatementConsolidatedStatementsOfComprehensiveIncomeLoss"",""label"":""Total revenue"",""concepts"":""us-gaap:Revenues"",""row_class"":""rou"",""scale"":1000.0,""scale_label"":""thousands"",""statement_priority"":""1"",""comparative_end"":""2019-12-31"",""comparative_value"":361943000.0,""current_end"":""2020-12-31"",""current_value"":308487000.0}]",2019-2022,contract_revenue_excluding_tax -> revenues_general,,,,,historical_concept_conflict,https://www.sec.gov/Archives/edgar/data/1294133/000156459021008106/R4.htm,data/raw/sec_filings/revenue_statement_evidence/0001294133/000156459021008106/R4.htm,pending,,,,,,,
0001657853,2019,"HERTZ GLOBAL HOLDINGS, INC",train,Extended_Candidate,7510,missing,1.0,0001657853-21-000006,primary_statement_consolidated_revenue_confirmed,revenues_general,9779000000.0,5258000000.0,Revenues,Revenues,0001657853-21-000006,0001657853-21-000006,2019-01-01,2019-12-31,2020-01-01,2020-12-31,R4.htm,CONSOLIDATED STATEMENTS OF OPERATIONS,100030004 - Statement - CONSOLIDATED STATEMENTS OF OPERATIONS,http://www.hertz.com/role/CONSOLIDATEDSTATEMENTSOFOPERATIONS,Total revenues,us-gaap:Revenues,rou,0.0,1000000.0,millions,1.0,"[{""statement_file"":""R4.htm"",""short_name"":""CONSOLIDATED STATEMENTS OF OPERATIONS"",""long_name"":""100030004 - Statement - CONSOLIDATED STATEMENTS OF OPERATIONS"",""role"":""http://www.hertz.com/role/CONSOLIDATEDSTATEMENTSOFOPERATIONS"",""label"":""Total revenues"",""concepts"":""us-gaap:Revenues"",""row_class"":""rou"",""scale"":1000000.0,""scale_label"":""millions"",""statement_priority"":""0"",""comparative_end"":""2019-12-31"",""comparative_value"":9779000000.0,""current_end"":""2020-12-31"",""current_value"":5258000000.0}]",2019-2022,revenues_general -> contract_revenue_including_tax,,,,,historical_concept_conflict,https://www.sec.gov/Archives/edgar/data/1657853/000165785321000006/R4.htm,data/raw/sec_filings/revenue_statement_evidence/0001657853/000165785321000006/R4.htm,pending,,,,,,,
0001666071,2020,"Cardlytics, Inc.",train,Technology,7370,available,0.0,0001666071-22-000022,primary_statement_consolidated_revenue_confirmed,revenues_general,186892000.0,267116000.0,Revenues,Revenues,0001666071-22-000022,0001666071-22-000022,2020-01-01,2020-12-31,2021-01-01,2021-12-31,R5.htm,CONSOLIDATED STATEMENTS OF OPERATIONS,1003005 - Statement - CONSOLIDATED STATEMENTS OF OPERATIONS,http://www.cardlytics.com/role/CONSOLIDATEDSTATEMENTSOFOPERATIONS,Revenue,us-gaap:Revenues,ro,0.0,1000.0,thousands,1.0,"[{""statement_file"":""R5.htm"",""short_name"":""CONSOLIDATED STATEMENTS OF OPERATIONS"",""long_name"":""1003005 - Statement - CONSOLIDATED STATEMENTS OF OPERATIONS"",""role"":""http://www.cardlytics.com/role/CONSOLIDATEDSTATEMENTSOFOPERATIONS"",""label"":""Revenue"",""concepts"":""us-gaap:Revenues"",""row_class"":""ro"",""scale"":1000.0,""scale_label"":""thousands"",""statement_priority"":""0"",""comparative_end"":""2020-12-31"",""comparative_value"":186892000.0,""current_end"":""2021-12-31"",""current_value"":267116000.0}]",2019-2022,contract_revenue_excluding_tax -> revenues_general,,,,,historical_concept_conflict,https://www.sec.gov/Archives/edgar/data/1666071/000166607122000022/R5.htm,data/raw/sec_filings/revenue_statement_evidence/0001666071/000166607122000022/R5.htm,pending,,,,,,,
0000047217,2015,HP INC,train,Technology,3570,available,0.0,0000047217-16-000093,primary_statement_consolidated_revenue_confirmed,revenues_general,51463000000.0,48238000000.0,Revenues,Revenues,0000047217-16-000093,0000047217-16-000093,2014-11-01,2015-10-31,2015-11-01,2016-10-31,R2.htm,Consolidated Statements of Earnings,1001000 - Statement - Consolidated Statements of Earnings,http://www.hp.com/role/ConsolidatedStatementsOfEarnings,Net revenue,us-gaap:Revenues,ro,0.0,1000000.0,millions,1.0,"[{""statement_file"":""R2.htm"",""short_name"":""Consolidated Statements of Earnings"",""long_name"":""1001000 - Statement - Consolidated Statements of Earnings"",""role"":""http://www.hp.com/role/ConsolidatedStatementsOfEarnings"",""label"":""Net revenue"",""concepts"":""us-gaap:Revenues"",""row_class"":""ro"",""scale"":1000000.0,""scale_label"":""millions"",""statement_priority"":""0"",""comparative_end"":""2015-10-31"",""comparative_value"":51463000000.0,""current_end"":""2016-10-31"",""current_value"":48238000000.0}]",2015-2018,,-51892000000.0,-0.502075371293116,51892000000.0,,largest_revenue_revision_delta_absolute,https://www.sec.gov/Archives/edgar/data/47217/000004721716000093/R2.htm,data/raw/sec_filings/revenue_statement_evidence/0000047217/000004721716000093/R2.htm,pending,,,,,,,
0001413329,2017,Philip Morris International Inc.,train,Industrials_Manufacturing,2111,available,0.0,0001413329-19-000007,primary_statement_consolidated_revenue_confirmed,contract_revenue_excluding_tax,28748000000.0,29625000000.0,RevenueFromContractWithCustomerExcludingAssessedTax,RevenueFromContractWithCustomerExcludingAssessedTax,0001413329-19-000007,0001413329-19-000007,2017-01-01,2017-12-31,2018-01-01,2018-12-31,R2.htm,Consolidated Statements of Earnings,1001000 - Statement - Consolidated Statements of Earnings,http://www.pmi.com/role/ConsolidatedStatementsOfEarnings,Net revenues (Notes 2 & 21),us-gaap:RevenueFromContractWithCustomerExcludingAssessedTax,ro,0.0,1000000.0,millions,1.0,"[{""statement_file"":""R2.htm"",""short_name"":""Consolidated Statements of Earnings"",""long_name"":""1001000 - Statement - Consolidated Statements of Earnings"",""role"":""http://www.pmi.com/role/ConsolidatedStatementsOfEarnings"",""label"":""Net revenues (Notes 2 & 21)"",""concepts"":""us-gaap:RevenueFromContractWithCustomerExcludingAssessedTax"",""row_class"":""ro"",""scale"":1000000.0,""scale_label"":""millions"",""statement_priority"":""0"",""comparative_end"":""2017-12-31"",""comparative_value"":28748000000.0,""current_end"":""2018-12-31"",""current_value"":29625000000.0}]",2015-2018,,-49350000000.0,-0.6318983840815385,49350000000.0,,largest_revenue_revision_delta_absolute,https://www.sec.gov/Archives/edgar/data/1413329/000141332919000007/R2.htm,data/raw/sec_filings/revenue_statement_evidence/0001413329/000141332919000007/R2.htm,pending,,,,,,,
0001666700,2018,"DuPont de Nemours, Inc.",train,Industrials_Manufacturing,2821,ambiguous,0.0,0001666700-20-000006,primary_statement_consolidated_revenue_confirmed,revenues_general,22594000000.0,21512000000.0,Revenues,Revenues,0001666700-20-000006,0001666700-20-000006,2018-01-01,2018-12-31,2019-01-01,2019-12-31,R2.htm,Consolidated Statements of Income,1001000 - Statement - Consolidated Statements of Income,http://dow.com/role/ConsolidatedStatementsOfIncome,Net sales,us-gaap:Revenues,ro,0.0,1000000.0,millions,1.0,"[{""statement_file"":""R2.htm"",""short_name"":""Consolidated Statements of Income"",""long_name"":""1001000 - Statement - Consolidated Statements of Income"",""role"":""http://dow.com/role/ConsolidatedStatementsOfIncome"",""label"":""Net sales"",""concepts"":""us-gaap:Revenues"",""row_class"":""ro"",""scale"":1000000.0,""scale_label"":""millions"",""statement_priority"":""0"",""comparative_end"":""2018-12-31"",""comparative_value"":22594000000.0,""current_end"":""2019-12-31"",""current_value"":21512000000.0}]",2015-2018,,-63383000000.0,-0.7372087883968969,63383000000.0,,largest_revenue_revision_delta_absolute,https://www.sec.gov/Archives/edgar/data/1666700/000166670020000006/R2.htm,data/raw/sec_filings/revenue_statement_evidence/0001666700/000166670020000006/R2.htm,pending,,,,,,,
0000823277,2015,CHS INC,train,Extended_Candidate,5150,available,1.0,0000823277-16-000065,primary_statement_consolidated_revenue_confirmed,revenues_general,34582442000.0,30347203000.0,Revenues,Revenues,0000823277-16-000065,0000823277-16-000065,2014-09-01,2015-08-31,2015-09-01,2016-08-31,R3.htm,Consolidated Statements of Operations,1003000 - Statement - Consolidated Statements of Operations,http://www.chsinc.com/role/ConsolidatedStatementsOfOperations,Revenues,us-gaap:Revenues,ro,0.0,1000.0,thousands,1.0,"[{""statement_file"":""R3.htm"",""short_name"":""Consolidated Statements of Operations"",""long_name"":""1003000 - Statement - Consolidated Statements of Operations"",""role"":""http://www.chsinc.com/role/ConsolidatedStatementsOfOperations"",""label"":""Revenues"",""concepts"":""us-gaap:Revenues"",""row_class"":""ro"",""scale"":1000.0,""scale_label"":""thousands"",""statement_priority"":""0"",""comparative_end"":""2015-08-31"",""comparative_value"":34582442000.0,""current_end"":""2016-08-31"",""current_value"":30347203000.0}]",2015-2018,,34547860000.0,999.0127812156612,34547860000.0,,largest_revenue_revision_delta_absolute;largest_revenue_revision_delta_scaled,https://www.sec.gov/Archives/edgar/data/823277/000082327716000065/R3.htm,data/raw/sec_filings/revenue_statement_evidence/0000823277/000082327716000065/R3.htm,pending,,,,,,,
0000823277,2016,CHS INC,train,Extended_Candidate,5150,available,0.0,0000823277-17-000053,primary_statement_consolidated_revenue_confirmed,revenues_general,30347203000.0,31934751000.0,Revenues,Revenues,0000823277-17-000053,0000823277-17-000053,2015-09-01,2016-08-31,2016-09-01,2017-08-31,R3.htm,Consolidated Statements of Operations,1003000 - Statement - Consolidated Statements of Operations,http://www.chsinc.com/role/ConsolidatedStatementsOfOperations,Revenues,us-gaap:Revenues,ro,0.0,1000.0,thousands,1.0,"[{""statement_file"":""R3.htm"",""short_name"":""Consolidated Statements of Operations"",""long_name"":""1003000 - Statement - Consolidated Statements of Operations"",""role"":""http://www.chsinc.com/role/ConsolidatedStatementsOfOperations"",""label"":""Revenues"",""concepts"":""us-gaap:Revenues"",""row_class"":""ro"",""scale"":1000.0,""scale_label"":""thousands"",""statement_priority"":""0"",""comparative_end"":""2016-08-31"",""comparative_value"":30347203000.0,""current_end"":""2017-08-31"",""current_value"":31934751000.0}]",2015-2018,,30316856000.0,999.0066892938346,30316856000.0,,largest_revenue_revision_delta_absolute;largest_revenue_revision_delta_scaled,https://www.sec.gov/Archives/edgar/data/823277/000082327717000053/R3.htm,data/raw/sec_filings/revenue_statement_evidence/0000823277/000082327717000053/R3.htm,pending,,,,,,,
0001013880,2011,"TTEC Holdings, Inc.",train,Extended_Candidate,7363,ambiguous,0.0,0001104659-13-014418,primary_statement_consolidated_revenue_confirmed,services_revenue_only,1179388000.0,1162981000.0,SalesRevenueServicesNet,SalesRevenueServicesNet,0001104659-13-014418,0001104659-13-014418,2011-01-01,2011-12-31,2012-01-01,2012-12-31,R4.htm,Consolidated Statements of Comprehensive Income,000120 - Statement - Consolidated Statements of Comprehensive Income,http://teletech.com/role/StatementConsolidatedStatementsOfComprehensiveIncome,Revenue,us-gaap:SalesRevenueServicesNet,ro,1.0,1000.0,thousands,1.0,"[{""statement_file"":""R4.htm"",""short_name"":""Consolidated Statements of Comprehensive Income"",""long_name"":""000120 - Statement - Consolidated Statements of Comprehensive Income"",""role"":""http://teletech.com/role/StatementConsolidatedStatementsOfComprehensiveIncome"",""label"":""Revenue"",""concepts"":""us-gaap:SalesRevenueServicesNet"",""row_class"":""ro"",""scale"":1000.0,""scale_label"":""thousands"",""statement_priority"":""1"",""comparative_end"":""2011-12-31"",""comparative_value"":1179388000.0,""current_end"":""2012-12-31"",""current_value"":1162981000.0}]",2011-2014,,1178208612.0,999.0,1178208612.0,999.0,largest_revenue_revision_delta_scaled,https://www.sec.gov/Archives/edgar/data/1013880/000110465913014418/R4.htm,data/raw/sec_filings/revenue_statement_evidence/0001013880/000110465913014418/R4.htm,pending,,,,,,,
0001490281,2011,"Groupon, Inc.",train,Extended_Candidate,7311,ambiguous,0.0,0001490281-13-000008,primary_statement_consolidated_revenue_confirmed,revenues_general,1610430000.0,2334472000.0,Revenues,Revenues,0001490281-13-000008,0001490281-13-000008,2011-01-01,2011-12-31,2012-01-01,2012-12-31,R4.htm,Consolidated Statements of Operations,1002000 - Statement - Consolidated Statements of Operations,http://www.groupon.com/role/ConsolidatedStatementsOfOperations,Total revenue,us-gaap:Revenues,rou,0.0,1000.0,thousands,1.0,"[{""statement_file"":""R4.htm"",""short_name"":""Consolidated Statements of Operations"",""long_name"":""1002000 - Statement - Consolidated Statements of Operations"",""role"":""http://www.groupon.com/role/ConsolidatedStatementsOfOperations"",""label"":""Total revenue"",""concepts"":""us-gaap:Revenues"",""row_class"":""rou"",""scale"":1000.0,""scale_label"":""thousands"",""statement_priority"":""0"",""comparative_end"":""2011-12-31"",""comparative_value"":1610430000.0,""current_end"":""2012-12-31"",""current_value"":2334472000.0}]",2011-2014,,1608819570.0,999.0,1608819570.0,999.0,largest_revenue_revision_delta_scaled,https://www.sec.gov/Archives/edgar/data/1490281/000149028113000008/R4.htm,data/raw/sec_filings/revenue_statement_evidence/0001490281/000149028113000008/R4.htm,pending,,,,,,,
0000797542,2021,QUANTUM X LABS INC.,validation,Technology,7372,ambiguous,0.0,0001493152-23-008765,primary_statement_consolidated_revenue_confirmed,contract_revenue_excluding_tax,45224000.0,96603000.0,RevenueFromContractWithCustomerExcludingAssessedTax,RevenueFromContractWithCustomerExcludingAssessedTax,0001493152-23-008765,0001493152-23-008765,2021-01-01,2021-12-31,2022-01-01,2022-12-31,R4.htm,Consolidated Statements of Operations,00000004 - Statement - Consolidated Statements of Operations,http://corp.viewbix.com/role/StatementsOfOperations,Revenues,us-gaap:RevenueFromContractWithCustomerExcludingAssessedTax,ro,0.0,1000.0,thousands,1.0,"[{""statement_file"":""R4.htm"",""short_name"":""Consolidated Statements of Operations"",""long_name"":""00000004 - Statement - Consolidated Statements of Operations"",""role"":""http://corp.viewbix.com/role/StatementsOfOperations"",""label"":""Revenues"",""concepts"":""us-gaap:RevenueFromContractWithCustomerExcludingAssessedTax"",""row_class"":""ro"",""scale"":1000.0,""scale_label"":""thousands"",""statement_priority"":""0"",""comparative_end"":""2021-12-31"",""comparative_value"":45224000.0,""current_end"":""2022-12-31"",""current_value"":96603000.0}]",2019-2022,,45183000.0,1102.0243902439024,45183000.0,1102.0243902439024,largest_revenue_revision_delta_scaled,https://www.sec.gov/Archives/edgar/data/797542/000149315223008765/R4.htm,data/raw/sec_filings/revenue_statement_evidence/0000797542/000149315223008765/R4.htm,pending,,,,,,,
0001173204,2011,Cineverse Corp.,train,Extended_Candidate,7841,available,0.0,0001173204-13-000005,primary_statement_consolidated_revenue_confirmed,revenues_general,76557000.0,88080000.0,Revenues,Revenues,0001173204-13-000005,0001173204-13-000005,2011-04-01,2012-03-31,2012-04-01,2013-03-31,R4.htm,Consolidated Statements of Operations,1002000 - Statement - Consolidated Statements of Operations,http://www.cinedigm.com/role/ConsolidatedStatementsOfOperations,Revenues,us-gaap:Revenues,ro,0.0,1000.0,thousands,1.0,"[{""statement_file"":""R4.htm"",""short_name"":""Consolidated Statements of Operations"",""long_name"":""1002000 - Statement - Consolidated Statements of Operations"",""role"":""http://www.cinedigm.com/role/ConsolidatedStatementsOfOperations"",""label"":""Revenues"",""concepts"":""us-gaap:Revenues"",""row_class"":""ro"",""scale"":1000.0,""scale_label"":""thousands"",""statement_priority"":""0"",""comparative_end"":""2012-03-31"",""comparative_value"":76557000.0,""current_end"":""2013-03-31"",""current_value"":88080000.0}]",2011-2014,,,,,,random_available_D5,https://www.sec.gov/Archives/edgar/data/1173204/000117320413000005/R4.htm,data/raw/sec_filings/revenue_statement_evidence/0001173204/000117320413000005/R4.htm,pending,,,,,,,
0000825324,2012,Good Times Restaurants Inc.,train,Retail,5812,available,0.0,0000825324-13-000043,primary_statement_consolidated_revenue_confirmed,revenues_general,19706000.0,22892000.0,Revenues,Revenues,0000825324-13-000043,0000825324-13-000043,2011-10-01,2012-09-30,2012-10-01,2013-09-30,R4.htm,Consolidated Statements of Operations,004 - Statement - Consolidated Statements of Operations,http://www.goodtimesburgers.com/role/ConsolidatedStatementsOfOperations,Total net revenues,us-gaap:Revenues,reu,0.0,1.0,units,1.0,"[{""statement_file"":""R4.htm"",""short_name"":""Consolidated Statements of Operations"",""long_name"":""004 - Statement - Consolidated Statements of Operations"",""role"":""http://www.goodtimesburgers.com/role/ConsolidatedStatementsOfOperations"",""label"":""Total net revenues"",""concepts"":""us-gaap:Revenues"",""row_class"":""reu"",""scale"":1.0,""scale_label"":""units"",""statement_priority"":""0"",""comparative_end"":""2012-09-30"",""comparative_value"":19706000.0,""current_end"":""2013-09-30"",""current_value"":22892000.0}]",2011-2014,,,,,,random_available_D5,https://www.sec.gov/Archives/edgar/data/825324/000082532413000043/R4.htm,data/raw/sec_filings/revenue_statement_evidence/0000825324/000082532413000043/R4.htm,pending,,,,,,,
0000909494,2012,TUCOWS INC /PA/,train,Technology,7374,available,0.0,0001437749-14-004497,primary_statement_consolidated_revenue_confirmed,services_revenue_only,114726901.0,129934904.0,SalesRevenueServicesNet,SalesRevenueServicesNet,0001437749-14-004497,0001437749-14-004497,2012-01-01,2012-12-31,2013-01-01,2013-12-31,R4.htm,Consolidated Statements of Comprehensive Income,003 - Statement - Consolidated Statements of Comprehensive Income,http://tucows.com/role/ConsolidatedIncomeStatement,Net revenues (note 16),us-gaap:SalesRevenueServicesNet,re,1.0,1.0,units,1.0,"[{""statement_file"":""R4.htm"",""short_name"":""Consolidated Statements of Comprehensive Income"",""long_name"":""003 - Statement - Consolidated Statements of Comprehensive Income"",""role"":""http://tucows.com/role/ConsolidatedIncomeStatement"",""label"":""Net revenues (note 16)"",""concepts"":""us-gaap:SalesRevenueServicesNet"",""row_class"":""re"",""scale"":1.0,""scale_label"":""units"",""statement_priority"":""1"",""comparative_end"":""2012-12-31"",""comparative_value"":114726901.0,""current_end"":""2013-12-31"",""current_value"":129934904.0}]",2011-2014,,,,,,random_available_D5,https://www.sec.gov/Archives/edgar/data/909494/000143774914004497/R4.htm,data/raw/sec_filings/revenue_statement_evidence/0000909494/000143774914004497/R4.htm,pending,,,,,,,
0001037646,2012,METTLER TOLEDO INTERNATIONAL INC/,train,Technology,3826,available,0.0,0001037646-14-000005,primary_statement_consolidated_revenue_confirmed,sales_revenue_net,2341528000.0,2378972000.0,SalesRevenueNet,SalesRevenueNet,0001037646-14-000005,0001037646-14-000005,2012-01-01,2012-12-31,2013-01-01,2013-12-31,R2.htm,Consolidated Statements of Operations,1001000 - Statement - Consolidated Statements of Operations,http://www.mt.com/role/ConsolidatedStatementsOfOperations,Total Net Sales,us-gaap:SalesRevenueNet,rou,0.0,1000.0,thousands,1.0,"[{""statement_file"":""R2.htm"",""short_name"":""Consolidated Statements of Operations"",""long_name"":""1001000 - Statement - Consolidated Statements of Operations"",""role"":""http://www.mt.com/role/ConsolidatedStatementsOfOperations"",""label"":""Total Net Sales"",""concepts"":""us-gaap:SalesRevenueNet"",""row_class"":""rou"",""scale"":1000.0,""scale_label"":""thousands"",""statement_priority"":""0"",""comparative_end"":""2012-12-31"",""comparative_value"":2341528000.0,""current_end"":""2013-12-31"",""current_value"":2378972000.0}]",2011-2014,,,,,,random_available_D5,https://www.sec.gov/Archives/edgar/data/1037646/000103764614000005/R2.htm,data/raw/sec_filings/revenue_statement_evidence/0001037646/000103764614000005/R2.htm,pending,,,,,,,
0001257640,2012,KRONOS WORLDWIDE INC,train,Industrials_Manufacturing,2810,available,1.0,0001564590-14-000695,primary_statement_consolidated_revenue_confirmed,sales_revenue_net,1976300000.0,1732400000.0,SalesRevenueNet,SalesRevenueNet,0001564590-14-000695,0001564590-14-000695,2012-01-01,2012-12-31,2013-01-01,2013-12-31,R4.htm,CONSOLIDATED STATEMENTS OF OPERATIONS,100030 - Statement - CONSOLIDATED STATEMENTS OF OPERATIONS,http://www.kronosww.com/20131231/taxonomy/role/StatementCONSOLIDATEDSTATEMENTSOFOPERATIONS,Net sales,us-gaap:SalesRevenueNet,re,0.0,1000000.0,millions,1.0,"[{""statement_file"":""R4.htm"",""short_name"":""CONSOLIDATED STATEMENTS OF OPERATIONS"",""long_name"":""100030 - Statement - CONSOLIDATED STATEMENTS OF OPERATIONS"",""role"":""http://www.kronosww.com/20131231/taxonomy/role/StatementCONSOLIDATEDSTATEMENTSOFOPERATIONS"",""label"":""Net sales"",""concepts"":""us-gaap:SalesRevenueNet"",""row_class"":""re"",""scale"":1000000.0,""scale_label"":""millions"",""statement_priority"":""0"",""comparative_end"":""2012-12-31"",""comparative_value"":1976300000.0,""current_end"":""2013-12-31"",""current_value"":1732400000.0}]",2011-2014,,,,,,random_available_D5,https://www.sec.gov/Archives/edgar/data/1257640/000156459014000695/R4.htm,data/raw/sec_filings/revenue_statement_evidence/0001257640/000156459014000695/R4.htm,pending,,,,,,,
0000109563,2014,APPLIED INDUSTRIAL TECHNOLOGIES INC,train,Extended_Candidate,5080,available,0.0,0000109563-15-000129,primary_statement_consolidated_revenue_confirmed,sales_revenue_net,2459878000.0,2751561000.0,SalesRevenueNet,SalesRevenueNet,0000109563-15-000129,0000109563-15-000129,2013-07-01,2014-06-30,2014-07-01,2015-06-30,R2.htm,Statements of Consolidated Income,1001000 - Statement - Statements of Consolidated Income,http://www.applied.com/role/StatementsOfConsolidatedIncome,Net Sales,us-gaap:SalesRevenueNet,ro,0.0,1000.0,thousands,1.0,"[{""statement_file"":""R2.htm"",""short_name"":""Statements of Consolidated Income"",""long_name"":""1001000 - Statement - Statements of Consolidated Income"",""role"":""http://www.applied.com/role/StatementsOfConsolidatedIncome"",""label"":""Net Sales"",""concepts"":""us-gaap:SalesRevenueNet"",""row_class"":""ro"",""scale"":1000.0,""scale_label"":""thousands"",""statement_priority"":""0"",""comparative_end"":""2014-06-30"",""comparative_value"":2459878000.0,""current_end"":""2015-06-30"",""current_value"":2751561000.0}]",2011-2014,,,,,,random_available_D5,https://www.sec.gov/Archives/edgar/data/109563/000010956315000129/R2.htm,data/raw/sec_filings/revenue_statement_evidence/0000109563/000010956315000129/R2.htm,pending,,,,,,,
0000878927,2015,"OLD DOMINION FREIGHT LINE, INC.",train,Extended_Candidate,4213,available,0.0,0000878927-17-000005,primary_statement_consolidated_revenue_confirmed,services_revenue_only,2972442000.0,2991517000.0,SalesRevenueServicesNet,SalesRevenueServicesNet,0000878927-17-000005,0000878927-17-000005,2015-01-01,2015-12-31,2016-01-01,2016-12-31,R4.htm,Statements Of Operations,1002000 - Statement - Statements Of Operations,http://www.odfl.com/role/StatementsOfOperations,Revenue from operations,us-gaap:SalesRevenueServicesNet,ro,0.0,1000.0,thousands,1.0,"[{""statement_file"":""R4.htm"",""short_name"":""Statements Of Operations"",""long_name"":""1002000 - Statement - Statements Of Operations"",""role"":""http://www.odfl.com/role/StatementsOfOperations"",""label"":""Revenue from operations"",""concepts"":""us-gaap:SalesRevenueServicesNet"",""row_class"":""ro"",""scale"":1000.0,""scale_label"":""thousands"",""statement_priority"":""0"",""comparative_end"":""2015-12-31"",""comparative_value"":2972442000.0,""current_end"":""2016-12-31"",""current_value"":2991517000.0}]",2015-2018,,,,,,random_available_D5,https://www.sec.gov/Archives/edgar/data/878927/000087892717000005/R4.htm,data/raw/sec_filings/revenue_statement_evidence/0000878927/000087892717000005/R4.htm,pending,,,,,,,
0000886163,2015,LIGAND PHARMACEUTICALS INC,train,Industrials_Manufacturing,2834,available,0.0,0000886163-17-000021,primary_statement_consolidated_revenue_confirmed,revenues_general,71914000.0,108973000.0,Revenues,Revenues,0000886163-17-000021,0000886163-17-000021,2015-01-01,2015-12-31,2016-01-01,2016-12-31,R4.htm,CONSOLIDATED STATEMENTS OF OPERATIONS,1002000 - Statement - CONSOLIDATED STATEMENTS OF OPERATIONS,http://www.ligand.com/role/ConsolidatedStatementsOfOperations,Total revenues,us-gaap:Revenues,reu,0.0,1000.0,thousands,1.0,"[{""statement_file"":""R4.htm"",""short_name"":""CONSOLIDATED STATEMENTS OF OPERATIONS"",""long_name"":""1002000 - Statement - CONSOLIDATED STATEMENTS OF OPERATIONS"",""role"":""http://www.ligand.com/role/ConsolidatedStatementsOfOperations"",""label"":""Total revenues"",""concepts"":""us-gaap:Revenues"",""row_class"":""reu"",""scale"":1000.0,""scale_label"":""thousands"",""statement_priority"":""0"",""comparative_end"":""2015-12-31"",""comparative_value"":71914000.0,""current_end"":""2016-12-31"",""current_value"":108973000.0}]",2015-2018,,,,,,random_available_D5,https://www.sec.gov/Archives/edgar/data/886163/000088616317000021/R4.htm,data/raw/sec_filings/revenue_statement_evidence/0000886163/000088616317000021/R4.htm,pending,,,,,,,
0001117171,2015,"CBAK Energy Technology, Inc.",train,Industrials_Manufacturing,3690,available,1.0,0001062993-17-000203,primary_statement_consolidated_revenue_confirmed,sales_revenue_net,13904414.0,10369444.0,SalesRevenueNet,SalesRevenueNet,0001062993-17-000203,0001062993-17-000203,2014-10-01,2015-09-30,2015-10-01,2016-09-30,R4.htm,Condensed consolidated statements of operations and comprehensive (loss) income,104 - Statement - Condensed consolidated statements of operations and comprehensive (loss) income,http://www.bak.com.cn/taxonomy/role/IncomeStatement,Net revenues,us-gaap:SalesRevenueNet,re,0.0,1.0,units,1.0,"[{""statement_file"":""R4.htm"",""short_name"":""Condensed consolidated statements of operations and comprehensive (loss) income"",""long_name"":""104 - Statement - Condensed consolidated statements of operations and comprehensive (loss) income"",""role"":""http://www.bak.com.cn/taxonomy/role/IncomeStatement"",""label"":""Net revenues"",""concepts"":""us-gaap:SalesRevenueNet"",""row_class"":""re"",""scale"":1.0,""scale_label"":""units"",""statement_priority"":""0"",""comparative_end"":""2015-09-30"",""comparative_value"":13904414.0,""current_end"":""2016-09-30"",""current_value"":10369444.0}]",2015-2018,,,,,,random_available_D5,https://www.sec.gov/Archives/edgar/data/1117171/000106299317000203/R4.htm,data/raw/sec_filings/revenue_statement_evidence/0001117171/000106299317000203/R4.htm,pending,,,,,,,
0001433195,2015,APPFOLIO INC,train,Technology,7372,available,0.0,0001433195-17-000010,primary_statement_consolidated_revenue_confirmed,sales_revenue_net,74977000.0,105586000.0,SalesRevenueNet,SalesRevenueNet,0001433195-17-000010,0001433195-17-000010,2015-01-01,2015-12-31,2016-01-01,2016-12-31,R4.htm,Consolidated Statements of Operations,1002000 - Statement - Consolidated Statements of Operations,http://www.appfolio.com/role/ConsolidatedStatementsOfOperations,Revenue,us-gaap:SalesRevenueNet,ro,0.0,1.0,units,1.0,"[{""statement_file"":""R4.htm"",""short_name"":""Consolidated Statements of Operations"",""long_name"":""1002000 - Statement - Consolidated Statements of Operations"",""role"":""http://www.appfolio.com/role/ConsolidatedStatementsOfOperations"",""label"":""Revenue"",""concepts"":""us-gaap:SalesRevenueNet"",""row_class"":""ro"",""scale"":1.0,""scale_label"":""units"",""statement_priority"":""0"",""comparative_end"":""2015-12-31"",""comparative_value"":74977000.0,""current_end"":""2016-12-31"",""current_value"":105586000.0}]",2015-2018,,,,,,random_available_D5,https://www.sec.gov/Archives/edgar/data/1433195/000143319517000010/R4.htm,data/raw/sec_filings/revenue_statement_evidence/0001433195/000143319517000010/R4.htm,pending,,,,,,,
0000944148,2016,"CBIZ, Inc.",train,Extended_Candidate,7389,available,0.0,0001564590-18-004128,primary_statement_consolidated_revenue_confirmed,revenues_general,799832000.0,855340000.0,Revenues,Revenues,0001564590-18-004128,0001564590-18-004128,2016-01-01,2016-12-31,2017-01-01,2017-12-31,R4.htm,Consolidated Statements of Comprehensive Income,100030 - Statement - Consolidated Statements of Comprehensive Income,http://www.cbiz.com/20171231/taxonomy/role/StatementConsolidatedStatementsOfComprehensiveIncome,Revenue,us-gaap:Revenues,ro,1.0,1000.0,thousands,1.0,"[{""statement_file"":""R4.htm"",""short_name"":""Consolidated Statements of Comprehensive Income"",""long_name"":""100030 - Statement - Consolidated Statements of Comprehensive Income"",""role"":""http://www.cbiz.com/20171231/taxonomy/role/StatementConsolidatedStatementsOfComprehensiveIncome"",""label"":""Revenue"",""concepts"":""us-gaap:Revenues"",""row_class"":""ro"",""scale"":1000.0,""scale_label"":""thousands"",""statement_priority"":""1"",""comparative_end"":""2016-12-31"",""comparative_value"":799832000.0,""current_end"":""2017-12-31"",""current_value"":855340000.0}]",2015-2018,,,,,,random_available_D5,https://www.sec.gov/Archives/edgar/data/944148/000156459018004128/R4.htm,data/raw/sec_filings/revenue_statement_evidence/0000944148/000156459018004128/R4.htm,pending,,,,,,,
0001425292,2016,"CVR PARTNERS, LP",train,Industrials_Manufacturing,2870,missing,0.0,0001425292-18-000022,primary_statement_consolidated_revenue_confirmed,goods_revenue_only,356284000.0,330802000.0,SalesRevenueGoodsNet,SalesRevenueGoodsNet,0001425292-18-000022,0001425292-18-000022,2016-01-01,2016-12-31,2017-01-01,2017-12-31,R4.htm,CONSOLIDATED STATEMENTS OF OPERATIONS,1002000 - Statement - CONSOLIDATED STATEMENTS OF OPERATIONS,http://www.cvrpartners.com/role/ConsolidatedStatementsOfOperations,Net sales,us-gaap:SalesRevenueGoodsNet,re,0.0,1000.0,thousands,1.0,"[{""statement_file"":""R4.htm"",""short_name"":""CONSOLIDATED STATEMENTS OF OPERATIONS"",""long_name"":""1002000 - Statement - CONSOLIDATED STATEMENTS OF OPERATIONS"",""role"":""http://www.cvrpartners.com/role/ConsolidatedStatementsOfOperations"",""label"":""Net sales"",""concepts"":""us-gaap:SalesRevenueGoodsNet"",""row_class"":""re"",""scale"":1000.0,""scale_label"":""thousands"",""statement_priority"":""0"",""comparative_end"":""2016-12-31"",""comparative_value"":356284000.0,""current_end"":""2017-12-31"",""current_value"":330802000.0}]",2015-2018,,,,,,random_available_D5,https://www.sec.gov/Archives/edgar/data/1425292/000142529218000022/R4.htm,data/raw/sec_filings/revenue_statement_evidence/0001425292/000142529218000022/R4.htm,pending,,,,,,,
0000868278,2018,"ProPhase Labs, Inc.",train,Industrials_Manufacturing,2834,available,1.0,0001493152-20-004807,primary_statement_consolidated_revenue_confirmed,contract_revenue_excluding_tax,13126000.0,9876000.0,RevenueFromContractWithCustomerExcludingAssessedTax,RevenueFromContractWithCustomerExcludingAssessedTax,0001493152-20-004807,0001493152-20-004807,2018-01-01,2018-12-31,2019-01-01,2019-12-31,R4.htm,Consolidated Statements of Operations and Other Comprehensive Income (Loss),00000004 - Statement - Consolidated Statements of Operations and Other Comprehensive Income (Loss),http://prophaselabs.com/role/StatementsOfOperationsAndOtherComprehensiveIncomeLoss,Net sales,us-gaap:RevenueFromContractWithCustomerExcludingAssessedTax,ro,0.0,1000.0,thousands,1.0,"[{""statement_file"":""R4.htm"",""short_name"":""Consolidated Statements of Operations and Other Comprehensive Income (Loss)"",""long_name"":""00000004 - Statement - Consolidated Statements of Operations and Other Comprehensive Income (Loss)"",""role"":""http://prophaselabs.com/role/StatementsOfOperationsAndOtherComprehensiveIncomeLoss"",""label"":""Net sales"",""concepts"":""us-gaap:RevenueFromContractWithCustomerExcludingAssessedTax"",""row_class"":""ro"",""scale"":1000.0,""scale_label"":""thousands"",""statement_priority"":""0"",""comparative_end"":""2018-12-31"",""comparative_value"":13126000.0,""current_end"":""2019-12-31"",""current_value"":9876000.0}]",2015-2018,,,,,,random_available_D5,https://www.sec.gov/Archives/edgar/data/868278/000149315220004807/R4.htm,data/raw/sec_filings/revenue_statement_evidence/0000868278/000149315220004807/R4.htm,pending,,,,,,,
0001121788,2019,GARMIN LTD,train,Technology,3812,available,0.0,0001564590-21-006192,primary_statement_consolidated_revenue_confirmed,contract_revenue_excluding_tax,3757505000.0,4186573000.0,RevenueFromContractWithCustomerExcludingAssessedTax,RevenueFromContractWithCustomerExcludingAssessedTax,0001564590-21-006192,0001564590-21-006192,2018-12-30,2019-12-28,2019-12-29,2020-12-26,R4.htm,Consolidated Statements of Income,100030 - Statement - Consolidated Statements of Income,http://garmin.com/20201226/taxonomy/role/StatementConsolidatedStatementsOfIncome,Net sales,us-gaap:RevenueFromContractWithCustomerExcludingAssessedTax,ro,0.0,1000.0,thousands,1.0,"[{""statement_file"":""R4.htm"",""short_name"":""Consolidated Statements of Income"",""long_name"":""100030 - Statement - Consolidated Statements of Income"",""role"":""http://garmin.com/20201226/taxonomy/role/StatementConsolidatedStatementsOfIncome"",""label"":""Net sales"",""concepts"":""us-gaap:RevenueFromContractWithCustomerExcludingAssessedTax"",""row_class"":""ro"",""scale"":1000.0,""scale_label"":""thousands"",""statement_priority"":""0"",""comparative_end"":""2019-12-28"",""comparative_value"":3757505000.0,""current_end"":""2020-12-26"",""current_value"":4186573000.0}]",2019-2022,,,,,,random_available_D5,https://www.sec.gov/Archives/edgar/data/1121788/000156459021006192/R4.htm,data/raw/sec_filings/revenue_statement_evidence/0001121788/000156459021006192/R4.htm,pending,,,,,,,
0000816956,2020,CONMED Corp,train,Industrials_Manufacturing,3845,available,0.0,0000816956-22-000004,primary_statement_consolidated_revenue_confirmed,revenues_general,862459000.0,1010635000.0,Revenues,Revenues,0000816956-22-000004,0000816956-22-000004,2020-01-01,2020-12-31,2021-01-01,2021-12-31,R4.htm,Consolidated Statements of Comprehensive Income,1003004 - Statement - Consolidated Statements of Comprehensive Income,http://www.conmed.com/role/ConsolidatedStatementsofComprehensiveIncome,Revenues,us-gaap:Revenues,ro,1.0,1000.0,thousands,1.0,"[{""statement_file"":""R4.htm"",""short_name"":""Consolidated Statements of Comprehensive Income"",""long_name"":""1003004 - Statement - Consolidated Statements of Comprehensive Income"",""role"":""http://www.conmed.com/role/ConsolidatedStatementsofComprehensiveIncome"",""label"":""Revenues"",""concepts"":""us-gaap:Revenues"",""row_class"":""ro"",""scale"":1000.0,""scale_label"":""thousands"",""statement_priority"":""1"",""comparative_end"":""2020-12-31"",""comparative_value"":862459000.0,""current_end"":""2021-12-31"",""current_value"":1010635000.0}]",2019-2022,,,,,,random_available_D5,https://www.sec.gov/Archives/edgar/data/816956/000081695622000004/R4.htm,data/raw/sec_filings/revenue_statement_evidence/0000816956/000081695622000004/R4.htm,pending,,,,,,,
0000919012,2020,AMERICAN EAGLE OUTFITTERS INC,train,Retail,5651,available,0.0,0000950170-22-003587,primary_statement_consolidated_revenue_confirmed,contract_revenue_excluding_tax,3759113000.0,5010785000.0,RevenueFromContractWithCustomerExcludingAssessedTax,RevenueFromContractWithCustomerExcludingAssessedTax,0000950170-22-003587,0000950170-22-003587,2020-02-02,2021-01-30,2021-01-31,2022-01-29,R4.htm,Consolidated Statements of Operations,100030 - Statement - Consolidated Statements of Operations,http://www.ae.com/20220129/taxonomy/role/Role_StatementConsolidatedStatementsOfOperations,Total net revenue,us-gaap:RevenueFromContractWithCustomerExcludingAssessedTax,ro,0.0,1000.0,thousands,1.0,"[{""statement_file"":""R4.htm"",""short_name"":""Consolidated Statements of Operations"",""long_name"":""100030 - Statement - Consolidated Statements of Operations"",""role"":""http://www.ae.com/20220129/taxonomy/role/Role_StatementConsolidatedStatementsOfOperations"",""label"":""Total net revenue"",""concepts"":""us-gaap:RevenueFromContractWithCustomerExcludingAssessedTax"",""row_class"":""ro"",""scale"":1000.0,""scale_label"":""thousands"",""statement_priority"":""0"",""comparative_end"":""2021-01-30"",""comparative_value"":3759113000.0,""current_end"":""2022-01-29"",""current_value"":5010785000.0}]",2019-2022,,,,,,random_available_D5,https://www.sec.gov/Archives/edgar/data/919012/000095017022003587/R4.htm,data/raw/sec_filings/revenue_statement_evidence/0000919012/000095017022003587/R4.htm,pending,,,,,,,
0001084765,2020,"RESOURCES CONNECTION, INC.",train,Extended_Candidate,7389,available,1.0,0001084765-21-000017,primary_statement_consolidated_revenue_confirmed,contract_revenue_excluding_tax,703353000.0,629516000.0,RevenueFromContractWithCustomerExcludingAssessedTax,RevenueFromContractWithCustomerExcludingAssessedTax,0001084765-21-000017,0001084765-21-000017,2019-05-26,2020-05-30,2020-05-31,2021-05-29,R4.htm,Consolidated Statements Of Operations,00200 - Statement - Consolidated Statements Of Operations,http://www.resourcesglobal.com/role/StatementConsolidatedStatementsOfOperations,Revenue,us-gaap:RevenueFromContractWithCustomerExcludingAssessedTax,ro,0.0,1000.0,thousands,1.0,"[{""statement_file"":""R4.htm"",""short_name"":""Consolidated Statements Of Operations"",""long_name"":""00200 - Statement - Consolidated Statements Of Operations"",""role"":""http://www.resourcesglobal.com/role/StatementConsolidatedStatementsOfOperations"",""label"":""Revenue"",""concepts"":""us-gaap:RevenueFromContractWithCustomerExcludingAssessedTax"",""row_class"":""ro"",""scale"":1000.0,""scale_label"":""thousands"",""statement_priority"":""0"",""comparative_end"":""2020-05-30"",""comparative_value"":703353000.0,""current_end"":""2021-05-29"",""current_value"":629516000.0}]",2019-2022,,,,,,random_available_D5,https://www.sec.gov/Archives/edgar/data/1084765/000108476521000017/R4.htm,data/raw/sec_filings/revenue_statement_evidence/0001084765/000108476521000017/R4.htm,pending,,,,,,,
0001439725,2020,BIODESIX INC,train,Extended_Candidate,8071,available,0.0,0000950170-22-003495,primary_statement_consolidated_revenue_confirmed,revenues_general,45557000.0,54506000.0,Revenues,Revenues,0000950170-22-003495,0000950170-22-003495,2020-01-01,2020-12-31,2021-01-01,2021-12-31,R4.htm,Statements of Operations,100030 - Statement - Statements of Operations,http://biodesix.com/20211231/taxonomy/role/Role_StatementStatementsOfOperations,Revenues,us-gaap:Revenues,ro,0.0,1000.0,thousands,1.0,"[{""statement_file"":""R4.htm"",""short_name"":""Statements of Operations"",""long_name"":""100030 - Statement - Statements of Operations"",""role"":""http://biodesix.com/20211231/taxonomy/role/Role_StatementStatementsOfOperations"",""label"":""Revenues"",""concepts"":""us-gaap:Revenues"",""row_class"":""ro"",""scale"":1000.0,""scale_label"":""thousands"",""statement_priority"":""0"",""comparative_end"":""2020-12-31"",""comparative_value"":45557000.0,""current_end"":""2021-12-31"",""current_value"":54506000.0}]",2019-2022,,,,,,random_available_D5,https://www.sec.gov/Archives/edgar/data/1439725/000095017022003495/R4.htm,data/raw/sec_filings/revenue_statement_evidence/0001439725/000095017022003495/R4.htm,pending,,,,,,,
0000064472,2021,GENCOR INDUSTRIES INC,validation,Industrials_Manufacturing,3531,available,0.0,0001193125-22-306498,primary_statement_consolidated_revenue_confirmed,contract_revenue_including_tax,85278000.0,103479000.0,RevenueFromContractWithCustomerIncludingAssessedTax,RevenueFromContractWithCustomerIncludingAssessedTax,0001193125-22-306498,0001193125-22-306498,2020-10-01,2021-09-30,2021-10-01,2022-09-30,R4.htm,Consolidated Statements of Operations,1004 - Statement - Consolidated Statements of Operations,http://www.gencor.com/role/ConsolidatedStatementsOfOperations,Net revenue,us-gaap:RevenueFromContractWithCustomerIncludingAssessedTax,ro,0.0,1.0,units,1.0,"[{""statement_file"":""R4.htm"",""short_name"":""Consolidated Statements of Operations"",""long_name"":""1004 - Statement - Consolidated Statements of Operations"",""role"":""http://www.gencor.com/role/ConsolidatedStatementsOfOperations"",""label"":""Net revenue"",""concepts"":""us-gaap:RevenueFromContractWithCustomerIncludingAssessedTax"",""row_class"":""ro"",""scale"":1.0,""scale_label"":""units"",""statement_priority"":""0"",""comparative_end"":""2021-09-30"",""comparative_value"":85278000.0,""current_end"":""2022-09-30"",""current_value"":103479000.0}]",2019-2022,,,,,,random_available_D5,https://www.sec.gov/Archives/edgar/data/64472/000119312522306498/R4.htm,data/raw/sec_filings/revenue_statement_evidence/0000064472/000119312522306498/R4.htm,pending,,,,,,,
0000046080,2022,"HASBRO, INC.",validation,Industrials_Manufacturing,3944,available,1.0,0000046080-24-000034,primary_statement_consolidated_revenue_confirmed,contract_revenue_excluding_tax,5856700000.0,5003300000.0,RevenueFromContractWithCustomerExcludingAssessedTax,RevenueFromContractWithCustomerExcludingAssessedTax,0000046080-24-000034,0000046080-24-000034,2021-12-27,2022-12-25,2022-12-26,2023-12-31,R5.htm,Consolidated Statements of Operations,0000005 - Statement - Consolidated Statements of Operations,http://hasbro.com/role/ConsolidatedStatementsofOperations,Net revenues,us-gaap:RevenueFromContractWithCustomerExcludingAssessedTax,ro,0.0,1.0,units,1.0,"[{""statement_file"":""R5.htm"",""short_name"":""Consolidated Statements of Operations"",""long_name"":""0000005 - Statement - Consolidated Statements of Operations"",""role"":""http://hasbro.com/role/ConsolidatedStatementsofOperations"",""label"":""Net revenues"",""concepts"":""us-gaap:RevenueFromContractWithCustomerExcludingAssessedTax"",""row_class"":""ro"",""scale"":1.0,""scale_label"":""units"",""statement_priority"":""0"",""comparative_end"":""2022-12-25"",""comparative_value"":5856700000.0,""current_end"":""2023-12-31"",""current_value"":5003300000.0}]",2019-2022,,,,,,random_available_D5,https://www.sec.gov/Archives/edgar/data/46080/000004608024000034/R5.htm,data/raw/sec_filings/revenue_statement_evidence/0000046080/000004608024000034/R5.htm,pending,,,,,,,
0000056978,2014,KULICKE & SOFFA INDUSTRIES INC,train,Technology,3674,available,0.0,0000056978-15-000125,primary_statement_consolidated_revenue_confirmed,sales_revenue_net,568569000.0,536471000.0,SalesRevenueNet,SalesRevenueNet,0000056978-15-000125,0000056978-15-000125,2013-09-29,2014-09-27,2014-09-28,2015-10-03,R4.htm,CONSOLIDATED STATEMENTS OF OPERATIONS,1002000 - Statement - CONSOLIDATED STATEMENTS OF OPERATIONS,http://www.kns.com/role/ConsolidatedStatementsOfOperations,Net revenue,us-gaap:SalesRevenueNet,ro,0.0,1000.0,thousands,1.0,"[{""statement_file"":""R4.htm"",""short_name"":""CONSOLIDATED STATEMENTS OF OPERATIONS"",""long_name"":""1002000 - Statement - CONSOLIDATED STATEMENTS OF OPERATIONS"",""role"":""http://www.kns.com/role/ConsolidatedStatementsOfOperations"",""label"":""Net revenue"",""concepts"":""us-gaap:SalesRevenueNet"",""row_class"":""ro"",""scale"":1000.0,""scale_label"":""thousands"",""statement_priority"":""0"",""comparative_end"":""2014-09-27"",""comparative_value"":568569000.0,""current_end"":""2015-10-03"",""current_value"":536471000.0}]",2011-2014,,,,,,random_available_D5_fill,https://www.sec.gov/Archives/edgar/data/56978/000005697815000125/R4.htm,data/raw/sec_filings/revenue_statement_evidence/0000056978/000005697815000125/R4.htm,pending,,,,,,,
0001058307,2016,NextPlat Corp,train,Extended_Candidate,4813,available,0.0,0001493152-18-004404,primary_statement_consolidated_revenue_confirmed,sales_revenue_net,4698638.0,6004955.0,SalesRevenueNet,SalesRevenueNet,0001493152-18-004404,0001493152-18-004404,2016-01-01,2016-12-31,2017-01-01,2017-12-31,R4.htm,Consolidated Statements of Operations and Comprehensive Loss,00000004 - Statement - Consolidated Statements of Operations and Comprehensive Loss,http://orbitaltracking.com/role/StatementsOfOperationsAndComprehensiveLoss,Net sales,us-gaap:SalesRevenueNet,ro,0.0,1.0,units,1.0,"[{""statement_file"":""R4.htm"",""short_name"":""Consolidated Statements of Operations and Comprehensive Loss"",""long_name"":""00000004 - Statement - Consolidated Statements of Operations and Comprehensive Loss"",""role"":""http://orbitaltracking.com/role/StatementsOfOperationsAndComprehensiveLoss"",""label"":""Net sales"",""concepts"":""us-gaap:SalesRevenueNet"",""row_class"":""ro"",""scale"":1.0,""scale_label"":""units"",""statement_priority"":""0"",""comparative_end"":""2016-12-31"",""comparative_value"":4698638.0,""current_end"":""2017-12-31"",""current_value"":6004955.0}]",2015-2018,,,,,,random_available_D5_fill,https://www.sec.gov/Archives/edgar/data/1058307/000149315218004404/R4.htm,data/raw/sec_filings/revenue_statement_evidence/0001058307/000149315218004404/R4.htm,pending,,,,,,,
0001137091,2018,"POWER SOLUTIONS INTERNATIONAL, INC.",train,Industrials_Manufacturing,3510,available,0.0,0001628280-20-006265,primary_statement_consolidated_revenue_confirmed,contract_revenue_excluding_tax,496038000.0,546076000.0,RevenueFromContractWithCustomerExcludingAssessedTax,RevenueFromContractWithCustomerExcludingAssessedTax,0001628280-20-006265,0001628280-20-006265,2018-01-01,2018-12-31,2019-01-01,2019-12-31,R4.htm,CONSOLIDATED STATEMENTS OF OPERATIONS,1002000 - Statement - CONSOLIDATED STATEMENTS OF OPERATIONS,http://powersint.com/role/ConsolidatedStatementsOfOperations,Net sales,us-gaap:RevenueFromContractWithCustomerExcludingAssessedTax,ro,0.0,1000.0,thousands,1.0,"[{""statement_file"":""R4.htm"",""short_name"":""CONSOLIDATED STATEMENTS OF OPERATIONS"",""long_name"":""1002000 - Statement - CONSOLIDATED STATEMENTS OF OPERATIONS"",""role"":""http://powersint.com/role/ConsolidatedStatementsOfOperations"",""label"":""Net sales"",""concepts"":""us-gaap:RevenueFromContractWithCustomerExcludingAssessedTax"",""row_class"":""ro"",""scale"":1000.0,""scale_label"":""thousands"",""statement_priority"":""0"",""comparative_end"":""2018-12-31"",""comparative_value"":496038000.0,""current_end"":""2019-12-31"",""current_value"":546076000.0}]",2015-2018,,,,,,random_available_D5_fill,https://www.sec.gov/Archives/edgar/data/1137091/000162828020006265/R4.htm,data/raw/sec_filings/revenue_statement_evidence/0001137091/000162828020006265/R4.htm,pending,,,,,,,
0001420520,2020,Atomera Inc,train,Technology,3674,available,0.0,0001683168-22-001031,primary_statement_consolidated_revenue_confirmed,contract_revenue_excluding_tax,62000.0,400000.0,RevenueFromContractWithCustomerExcludingAssessedTax,RevenueFromContractWithCustomerExcludingAssessedTax,0001683168-22-001031,0001683168-22-001031,2020-01-01,2020-12-31,2021-01-01,2021-12-31,R4.htm,Statements of Operations,00000004 - Statement - Statements of Operations,http://atomera.com/role/StatementsOfOperations,Revenue:,us-gaap:RevenueFromContractWithCustomerExcludingAssessedTax,ro,0.0,1000.0,thousands,1.0,"[{""statement_file"":""R4.htm"",""short_name"":""Statements of Operations"",""long_name"":""00000004 - Statement - Statements of Operations"",""role"":""http://atomera.com/role/StatementsOfOperations"",""label"":""Revenue:"",""concepts"":""us-gaap:RevenueFromContractWithCustomerExcludingAssessedTax"",""row_class"":""ro"",""scale"":1000.0,""scale_label"":""thousands"",""statement_priority"":""0"",""comparative_end"":""2020-12-31"",""comparative_value"":62000.0,""current_end"":""2021-12-31"",""current_value"":400000.0}]",2019-2022,,,,,,random_available_D5_fill,https://www.sec.gov/Archives/edgar/data/1420520/000168316822001031/R4.htm,data/raw/sec_filings/revenue_statement_evidence/0001420520/000168316822001031/R4.htm,pending,,,,,,,
0000788611,2021,"NextTrip, Inc.",validation,Extended_Candidate,4700,available,1.0,0001493152-23-009743,primary_statement_consolidated_revenue_confirmed,contract_revenue_excluding_tax,1651765.0,630428.0,RevenueFromContractWithCustomerExcludingAssessedTax,RevenueFromContractWithCustomerExcludingAssessedTax,0001493152-23-009743,0001493152-23-009743,2021-01-01,2021-12-31,2022-01-01,2022-12-31,R4.htm,Statements of Operations,00000004 - Statement - Statements of Operations,http://sigmaadditive.com/role/StatementsOfOperations,REVENUES,us-gaap:RevenueFromContractWithCustomerExcludingAssessedTax,ro,0.0,1.0,units,1.0,"[{""statement_file"":""R4.htm"",""short_name"":""Statements of Operations"",""long_name"":""00000004 - Statement - Statements of Operations"",""role"":""http://sigmaadditive.com/role/StatementsOfOperations"",""label"":""REVENUES"",""concepts"":""us-gaap:RevenueFromContractWithCustomerExcludingAssessedTax"",""row_class"":""ro"",""scale"":1.0,""scale_label"":""units"",""statement_priority"":""0"",""comparative_end"":""2021-12-31"",""comparative_value"":1651765.0,""current_end"":""2022-12-31"",""current_value"":630428.0}]",2019-2022,,,,,,random_available_D5_fill,https://www.sec.gov/Archives/edgar/data/788611/000149315223009743/R4.htm,data/raw/sec_filings/revenue_statement_evidence/0000788611/000149315223009743/R4.htm,pending,,,,,,,
0001435617,2022,"POWERDYNE INTERNATIONAL, INC.",validation,Technology,7374,available,0.0,0001493152-24-018248,primary_statement_consolidated_revenue_confirmed,contract_revenue_excluding_tax,1207168.0,1452950.0,RevenueFromContractWithCustomerExcludingAssessedTax,RevenueFromContractWithCustomerExcludingAssessedTax,0001493152-24-018248,0001493152-24-018248,2022-01-01,2022-12-31,2023-01-01,2023-12-31,R4.htm,Consolidated Statements of Operations,00000004 - Statement - Consolidated Statements of Operations,http://powerdyneinternational.com/role/StatementsOfOperations,Revenues,us-gaap:RevenueFromContractWithCustomerExcludingAssessedTax,ro,0.0,1.0,units,1.0,"[{""statement_file"":""R4.htm"",""short_name"":""Consolidated Statements of Operations"",""long_name"":""00000004 - Statement - Consolidated Statements of Operations"",""role"":""http://powerdyneinternational.com/role/StatementsOfOperations"",""label"":""Revenues"",""concepts"":""us-gaap:RevenueFromContractWithCustomerExcludingAssessedTax"",""row_class"":""ro"",""scale"":1.0,""scale_label"":""units"",""statement_priority"":""0"",""comparative_end"":""2022-12-31"",""comparative_value"":1207168.0,""current_end"":""2023-12-31"",""current_value"":1452950.0}]",2019-2022,,,,,,random_available_D5_fill,https://www.sec.gov/Archives/edgar/data/1435617/000149315224018248/R4.htm,data/raw/sec_filings/revenue_statement_evidence/0001435617/000149315224018248/R4.htm,pending,,,,,,,
0001674930,2022,"Fulgent Genetics, Inc.",validation,Extended_Candidate,8071,available,1.0,0000950170-24-022233,primary_statement_consolidated_revenue_confirmed,contract_revenue_excluding_tax,618968000.0,289213000.0,RevenueFromContractWithCustomerExcludingAssessedTax,RevenueFromContractWithCustomerExcludingAssessedTax,0000950170-24-022233,0000950170-24-022233,2022-01-01,2022-12-31,2023-01-01,2023-12-31,R4.htm,Consolidated Statements of Operations,100030 - Statement - Consolidated Statements of Operations,http://fulgentdiagnostics.com/20231231/taxonomy/role/StatementConsolidatedStatementsOfOperations,Revenue,us-gaap:RevenueFromContractWithCustomerExcludingAssessedTax,ro,0.0,1000.0,thousands,1.0,"[{""statement_file"":""R4.htm"",""short_name"":""Consolidated Statements of Operations"",""long_name"":""100030 - Statement - Consolidated Statements of Operations"",""role"":""http://fulgentdiagnostics.com/20231231/taxonomy/role/StatementConsolidatedStatementsOfOperations"",""label"":""Revenue"",""concepts"":""us-gaap:RevenueFromContractWithCustomerExcludingAssessedTax"",""row_class"":""ro"",""scale"":1000.0,""scale_label"":""thousands"",""statement_priority"":""0"",""comparative_end"":""2022-12-31"",""comparative_value"":618968000.0,""current_end"":""2023-12-31"",""current_value"":289213000.0}]",2019-2022,,,,,,random_available_D5_fill,https://www.sec.gov/Archives/edgar/data/1674930/000095017024022233/R4.htm,data/raw/sec_filings/revenue_statement_evidence/0001674930/000095017024022233/R4.htm,pending,,,,,,,
