dimension,group,observations,x_core_available,x_core_coverage,target_available,target_coverage,supervised_L_available,supervised_L_coverage
feature_year,2011,5662,3406,0.6015542211232779,1926,0.34016248675379723,1877,0.3315083009537266
feature_year,2012,5364,3730,0.6953765846383296,2317,0.4319537658463833,2067,0.38534675615212527
feature_year,2013,5262,4077,0.7748004561003421,2397,0.45553021664766247,2341,0.4448878753325732
feature_year,2014,5148,4076,0.7917637917637917,2301,0.44696969696969696,2254,0.43783993783993785
feature_year,2015,4851,3926,0.8093176664605236,2245,0.4627911770768914,2212,0.455988455988456
feature_year,2016,4592,3649,0.7946428571428571,2203,0.4797473867595819,2083,0.4536149825783972
feature_year,2017,4408,3702,0.8398366606170599,1550,0.35163339382940106,1534,0.34800362976406535
feature_year,2018,4295,3684,0.8577415599534343,1514,0.35250291036088477,1497,0.3485448195576251
feature_year,2019,4150,3653,0.8802409638554217,1642,0.3956626506024096,1618,0.38987951807228916
feature_year,2020,4206,3719,0.8842130290061816,1689,0.4015691868758916,1676,0.3984783642415597
feature_year,2021,4542,4111,0.9051078819903127,1806,0.39762219286657857,1790,0.3940995156318802
feature_year,2022,4423,4064,0.9188333710151481,1742,0.39385032783178836,1730,0.39113723716934207
research_sector,Extended_Candidate,20339,14942,0.734647721126899,6643,0.32661389448842126,6471,0.31815723486897096
research_sector,Industrials_Manufacturing,22259,19003,0.8537220899411474,9903,0.4448986926636417,9645,0.4333078754661036
research_sector,Retail,3793,2967,0.7822304244661218,1562,0.41181123121539676,1489,0.392565251779594
research_sector,Technology,10512,8885,0.845224505327245,5224,0.4969558599695586,5074,0.4826864535768645
historical_sic,1000.0,1108,616,0.555956678700361,85,0.07671480144404332,78,0.0703971119133574
historical_sic,1040.0,619,392,0.6332794830371568,72,0.11631663974151858,70,0.11308562197092084
historical_sic,1090.0,104,55,0.5288461538461539,11,0.10576923076923077,10,0.09615384615384616
historical_sic,1220.0,73,56,0.7671232876712328,13,0.1780821917808219,13,0.1780821917808219
historical_sic,1221.0,120,99,0.825,42,0.35,42,0.35
historical_sic,1311.0,2400,1676,0.6983333333333334,466,0.19416666666666665,459,0.19125
historical_sic,1381.0,340,258,0.7588235294117647,79,0.2323529411764706,78,0.22941176470588234
historical_sic,1382.0,318,252,0.7924528301886793,80,0.25157232704402516,79,0.24842767295597484
historical_sic,1389.0,350,297,0.8485714285714285,114,0.32571428571428573,113,0.32285714285714284
historical_sic,1400.0,281,207,0.7366548042704626,76,0.2704626334519573,73,0.2597864768683274
historical_sic,1520.0,67,39,0.582089552238806,23,0.34328358208955223,23,0.34328358208955223
historical_sic,1531.0,261,13,0.04980842911877394,3,0.011494252873563218,3,0.011494252873563218
historical_sic,1540.0,40,21,0.525,10,0.25,9,0.225
historical_sic,1600.0,117,107,0.9145299145299145,60,0.5128205128205128,60,0.5128205128205128
historical_sic,1623.0,97,88,0.9072164948453608,55,0.5670103092783505,54,0.5567010309278351
historical_sic,1700.0,174,137,0.7873563218390804,98,0.5632183908045977,92,0.5287356321839081
historical_sic,1731.0,52,51,0.9807692307692307,42,0.8076923076923077,42,0.8076923076923077
historical_sic,2000.0,167,143,0.8562874251497006,104,0.6227544910179641,103,0.6167664670658682
historical_sic,2011.0,26,18,0.6923076923076923,14,0.5384615384615384,14,0.5384615384615384
historical_sic,2013.0,23,20,0.8695652173913043,12,0.5217391304347826,11,0.4782608695652174
historical_sic,2015.0,39,36,0.9230769230769231,31,0.7948717948717948,31,0.7948717948717948
historical_sic,2020.0,64,44,0.6875,21,0.328125,18,0.28125
historical_sic,2024.0,25,22,0.88,15,0.6,14,0.56
historical_sic,2030.0,103,84,0.8155339805825242,68,0.6601941747572816,67,0.6504854368932039
historical_sic,2033.0,35,28,0.8,24,0.6857142857142857,22,0.6285714285714286
historical_sic,2040.0,113,99,0.8761061946902655,69,0.6106194690265486,69,0.6106194690265486
historical_sic,2050.0,49,39,0.7959183673469388,15,0.30612244897959184,15,0.30612244897959184
historical_sic,2052.0,19,18,0.9473684210526315,14,0.7368421052631579,13,0.6842105263157895
historical_sic,2060.0,98,76,0.7755102040816326,41,0.41836734693877553,38,0.3877551020408163
historical_sic,2070.0,57,44,0.7719298245614035,33,0.5789473684210527,32,0.5614035087719298
historical_sic,2080.0,287,232,0.8083623693379791,92,0.3205574912891986,88,0.30662020905923343
historical_sic,2082.0,67,63,0.9402985074626866,8,0.11940298507462686,8,0.11940298507462686
historical_sic,2086.0,104,89,0.8557692307692307,60,0.5769230769230769,57,0.5480769230769231
historical_sic,2090.0,115,92,0.8,63,0.5478260869565217,61,0.5304347826086957
historical_sic,2092.0,7,5,0.7142857142857143,4,0.5714285714285714,3,0.42857142857142855
historical_sic,2100.0,42,38,0.9047619047619048,14,0.3333333333333333,14,0.3333333333333333
historical_sic,2111.0,83,74,0.891566265060241,30,0.3614457831325301,30,0.3614457831325301
historical_sic,2200.0,35,27,0.7714285714285715,11,0.3142857142857143,11,0.3142857142857143
historical_sic,2211.0,24,21,0.875,15,0.625,14,0.5833333333333334
historical_sic,2221.0,27,24,0.8888888888888888,14,0.5185185185185185,14,0.5185185185185185
historical_sic,2253.0,4,4,1.0,3,0.75,3,0.75
historical_sic,2273.0,36,34,0.9444444444444444,33,0.9166666666666666,33,0.9166666666666666
historical_sic,2300.0,188,154,0.8191489361702128,86,0.4574468085106383,85,0.4521276595744681
historical_sic,2320.0,92,77,0.8369565217391305,32,0.34782608695652173,30,0.32608695652173914
historical_sic,2330.0,48,25,0.5208333333333334,13,0.2708333333333333,12,0.25
historical_sic,2340.0,29,22,0.7586206896551724,2,0.06896551724137931,2,0.06896551724137931
historical_sic,2390.0,35,27,0.7714285714285715,7,0.2,7,0.2
historical_sic,2400.0,63,53,0.8412698412698413,38,0.6031746031746031,38,0.6031746031746031
historical_sic,2421.0,19,18,0.9473684210526315,15,0.7894736842105263,14,0.7368421052631579
historical_sic,2430.0,79,69,0.8734177215189873,60,0.759493670886076,58,0.7341772151898734
historical_sic,2451.0,46,39,0.8478260869565217,33,0.717391304347826,32,0.6956521739130435
historical_sic,2452.0,12,8,0.6666666666666666,3,0.25,3,0.25
historical_sic,2510.0,139,119,0.8561151079136691,96,0.6906474820143885,94,0.6762589928057554
historical_sic,2511.0,33,31,0.9393939393939394,20,0.6060606060606061,20,0.6060606060606061
historical_sic,2520.0,16,13,0.8125,13,0.8125,13,0.8125
historical_sic,2522.0,24,20,0.8333333333333334,16,0.6666666666666666,15,0.625
historical_sic,2531.0,23,21,0.9130434782608695,19,0.8260869565217391,18,0.782608695652174
historical_sic,2540.0,3,3,1.0,2,0.6666666666666666,2,0.6666666666666666
historical_sic,2590.0,17,8,0.47058823529411764,7,0.4117647058823529,6,0.35294117647058826
historical_sic,2600.0,8,5,0.625,1,0.125,1,0.125
historical_sic,2611.0,18,15,0.8333333333333334,14,0.7777777777777778,14,0.7777777777777778
historical_sic,2621.0,107,87,0.8130841121495327,65,0.6074766355140186,63,0.5887850467289719
historical_sic,2631.0,16,8,0.5,3,0.1875,3,0.1875
historical_sic,2650.0,72,69,0.9583333333333334,44,0.6111111111111112,44,0.6111111111111112
historical_sic,2670.0,76,52,0.6842105263157895,41,0.5394736842105263,39,0.5131578947368421
historical_sic,2673.0,18,11,0.6111111111111112,6,0.3333333333333333,6,0.3333333333333333
historical_sic,2711.0,117,108,0.9230769230769231,36,0.3076923076923077,35,0.29914529914529914
historical_sic,2721.0,75,44,0.5866666666666667,16,0.21333333333333335,16,0.21333333333333335
historical_sic,2731.0,67,52,0.7761194029850746,33,0.4925373134328358,33,0.4925373134328358
historical_sic,2732.0,4,0,0.0,0,0.0,0,0.0
historical_sic,2741.0,27,23,0.8518518518518519,11,0.4074074074074074,11,0.4074074074074074
historical_sic,2750.0,113,83,0.7345132743362832,49,0.4336283185840708,45,0.39823008849557523
historical_sic,2761.0,15,11,0.7333333333333333,11,0.7333333333333333,9,0.6
historical_sic,2771.0,13,11,0.8461538461538461,6,0.46153846153846156,5,0.38461538461538464
historical_sic,2780.0,26,24,0.9230769230769231,18,0.6923076923076923,18,0.6923076923076923
historical_sic,2790.0,12,10,0.8333333333333334,7,0.5833333333333334,6,0.5
historical_sic,2800.0,186,163,0.8763440860215054,116,0.6236559139784946,115,0.6182795698924731
historical_sic,2810.0,140,130,0.9285714285714286,93,0.6642857142857143,91,0.65
historical_sic,2820.0,70,62,0.8857142857142857,40,0.5714285714285714,40,0.5714285714285714
historical_sic,2821.0,173,144,0.8323699421965318,104,0.6011560693641619,102,0.5895953757225434
historical_sic,2833.0,299,224,0.7491638795986622,129,0.431438127090301,125,0.4180602006688963
historical_sic,2834.0,5260,4676,0.8889733840304183,1321,0.2511406844106464,1294,0.24600760456273765
historical_sic,2835.0,299,243,0.8127090301003345,94,0.31438127090301005,93,0.3110367892976589
historical_sic,2836.0,1295,1158,0.8942084942084942,365,0.28185328185328185,355,0.27413127413127414
historical_sic,2840.0,66,56,0.8484848484848485,36,0.5454545454545454,36,0.5454545454545454
historical_sic,2842.0,54,45,0.8333333333333334,19,0.35185185185185186,19,0.35185185185185186
historical_sic,2844.0,268,216,0.8059701492537313,129,0.48134328358208955,128,0.47761194029850745
historical_sic,2851.0,65,56,0.8615384615384616,49,0.7538461538461538,49,0.7538461538461538
historical_sic,2860.0,560,460,0.8214285714285714,231,0.4125,223,0.3982142857142857
historical_sic,2870.0,199,154,0.7738693467336684,78,0.39195979899497485,77,0.3869346733668342
historical_sic,2890.0,176,151,0.8579545454545454,78,0.4431818181818182,74,0.42045454545454547
historical_sic,2891.0,25,22,0.88,13,0.52,11,0.44
historical_sic,2911.0,281,214,0.7615658362989324,52,0.18505338078291814,50,0.17793594306049823
historical_sic,2990.0,32,26,0.8125,20,0.625,20,0.625
historical_sic,3011.0,35,31,0.8857142857142857,27,0.7714285714285715,26,0.7428571428571429
historical_sic,3021.0,41,39,0.9512195121951219,26,0.6341463414634146,26,0.6341463414634146
historical_sic,3050.0,22,21,0.9545454545454546,16,0.7272727272727273,16,0.7272727272727273
historical_sic,3060.0,72,64,0.8888888888888888,57,0.7916666666666666,57,0.7916666666666666
historical_sic,3080.0,56,38,0.6785714285714286,21,0.375,19,0.3392857142857143
historical_sic,3081.0,55,42,0.7636363636363637,22,0.4,20,0.36363636363636365
historical_sic,3086.0,35,31,0.8857142857142857,23,0.6571428571428571,21,0.6
historical_sic,3089.0,185,166,0.8972972972972973,116,0.6270270270270271,114,0.6162162162162163
historical_sic,3100.0,61,52,0.8524590163934426,42,0.6885245901639344,41,0.6721311475409836
historical_sic,3140.0,78,73,0.9358974358974359,47,0.6025641025641025,47,0.6025641025641025
historical_sic,3211.0,12,11,0.9166666666666666,3,0.25,3,0.25
historical_sic,3220.0,21,19,0.9047619047619048,9,0.42857142857142855,8,0.38095238095238093
historical_sic,3221.0,20,20,1.0,19,0.95,19,0.95
historical_sic,3231.0,32,23,0.71875,18,0.5625,17,0.53125
historical_sic,3241.0,15,15,1.0,14,0.9333333333333333,14,0.9333333333333333
historical_sic,3250.0,1,1,1.0,0,0.0,0,0.0
historical_sic,3260.0,12,9,0.75,3,0.25,2,0.16666666666666666
historical_sic,3270.0,30,19,0.6333333333333333,14,0.4666666666666667,13,0.43333333333333335
historical_sic,3272.0,48,35,0.7291666666666666,21,0.4375,19,0.3958333333333333
historical_sic,3281.0,9,2,0.2222222222222222,0,0.0,0,0.0
historical_sic,3290.0,36,30,0.8333333333333334,23,0.6388888888888888,23,0.6388888888888888
historical_sic,3310.0,77,72,0.935064935064935,62,0.8051948051948052,60,0.7792207792207793
historical_sic,3312.0,133,127,0.9548872180451128,85,0.6390977443609023,85,0.6390977443609023
historical_sic,3317.0,39,34,0.8717948717948718,30,0.7692307692307693,29,0.7435897435897436
historical_sic,3320.0,4,4,1.0,2,0.5,2,0.5
historical_sic,3330.0,27,25,0.9259259259259259,13,0.48148148148148145,13,0.48148148148148145
historical_sic,3334.0,23,22,0.9565217391304348,6,0.2608695652173913,6,0.2608695652173913
historical_sic,3341.0,30,24,0.8,13,0.43333333333333335,12,0.4
historical_sic,3350.0,103,97,0.941747572815534,63,0.6116504854368932,63,0.6116504854368932
historical_sic,3357.0,49,49,1.0,40,0.8163265306122449,40,0.8163265306122449
historical_sic,3360.0,26,18,0.6923076923076923,18,0.6923076923076923,17,0.6538461538461539
historical_sic,3390.0,35,34,0.9714285714285714,22,0.6285714285714286,22,0.6285714285714286
historical_sic,3411.0,38,36,0.9473684210526315,26,0.6842105263157895,26,0.6842105263157895
historical_sic,3412.0,9,9,1.0,9,1.0,9,1.0
historical_sic,3420.0,142,122,0.8591549295774648,87,0.6126760563380281,85,0.5985915492957746
historical_sic,3430.0,31,25,0.8064516129032258,17,0.5483870967741935,16,0.5161290322580645
historical_sic,3433.0,46,35,0.7608695652173914,20,0.43478260869565216,20,0.43478260869565216
historical_sic,3440.0,83,67,0.8072289156626506,46,0.5542168674698795,44,0.5301204819277109
historical_sic,3442.0,35,30,0.8571428571428571,21,0.6,20,0.5714285714285714
historical_sic,3443.0,46,36,0.782608695652174,28,0.6086956521739131,28,0.6086956521739131
historical_sic,3444.0,9,5,0.5555555555555556,1,0.1111111111111111,1,0.1111111111111111
historical_sic,3448.0,16,13,0.8125,8,0.5,8,0.5
historical_sic,3452.0,5,5,1.0,5,1.0,5,1.0
historical_sic,3460.0,61,60,0.9836065573770492,57,0.9344262295081968,57,0.9344262295081968
historical_sic,3470.0,50,40,0.8,23,0.46,20,0.4
historical_sic,3480.0,79,65,0.8227848101265823,40,0.5063291139240507,40,0.5063291139240507
historical_sic,3490.0,115,102,0.8869565217391304,90,0.782608695652174,87,0.7565217391304347
historical_sic,3510.0,152,124,0.8157894736842105,82,0.5394736842105263,79,0.5197368421052632
historical_sic,3523.0,76,56,0.7368421052631579,39,0.5131578947368421,39,0.5131578947368421
historical_sic,3524.0,14,3,0.21428571428571427,4,0.2857142857142857,3,0.21428571428571427
historical_sic,3530.0,26,25,0.9615384615384616,15,0.5769230769230769,15,0.5769230769230769
historical_sic,3531.0,91,72,0.7912087912087912,51,0.5604395604395604,49,0.5384615384615384
historical_sic,3532.0,7,5,0.7142857142857143,4,0.5714285714285714,3,0.42857142857142855
historical_sic,3533.0,197,182,0.9238578680203046,69,0.350253807106599,69,0.350253807106599
historical_sic,3537.0,33,30,0.9090909090909091,28,0.8484848484848485,28,0.8484848484848485
historical_sic,3540.0,76,70,0.9210526315789473,64,0.8421052631578947,63,0.8289473684210527
historical_sic,3541.0,22,22,1.0,18,0.8181818181818182,18,0.8181818181818182
historical_sic,3550.0,61,58,0.9508196721311475,47,0.7704918032786885,45,0.7377049180327869
historical_sic,3555.0,11,8,0.7272727272727273,7,0.6363636363636364,7,0.6363636363636364
historical_sic,3559.0,232,200,0.8620689655172413,119,0.5129310344827587,115,0.4956896551724138
historical_sic,3560.0,87,75,0.8620689655172413,63,0.7241379310344828,59,0.6781609195402298
historical_sic,3561.0,97,85,0.8762886597938144,82,0.845360824742268,78,0.8041237113402062
historical_sic,3562.0,36,36,1.0,25,0.6944444444444444,25,0.6944444444444444
historical_sic,3564.0,79,63,0.7974683544303798,51,0.6455696202531646,49,0.620253164556962
historical_sic,3567.0,1,0,0.0,0,0.0,0,0.0
historical_sic,3569.0,102,87,0.8529411764705882,64,0.6274509803921569,63,0.6176470588235294
historical_sic,3570.0,62,51,0.8225806451612904,28,0.45161290322580644,26,0.41935483870967744
historical_sic,3571.0,109,99,0.908256880733945,62,0.5688073394495413,60,0.5504587155963303
historical_sic,3572.0,109,85,0.7798165137614679,46,0.42201834862385323,43,0.3944954128440367
historical_sic,3576.0,199,185,0.9296482412060302,85,0.4271356783919598,82,0.4120603015075377
historical_sic,3577.0,204,169,0.8284313725490197,109,0.5343137254901961,103,0.5049019607843137
historical_sic,3578.0,59,53,0.8983050847457628,28,0.4745762711864407,27,0.4576271186440678
historical_sic,3579.0,12,12,1.0,4,0.3333333333333333,4,0.3333333333333333
historical_sic,3580.0,81,67,0.8271604938271605,40,0.49382716049382713,40,0.49382716049382713
historical_sic,3585.0,81,60,0.7407407407407407,38,0.4691358024691358,37,0.4567901234567901
historical_sic,3590.0,98,94,0.9591836734693877,50,0.5102040816326531,50,0.5102040816326531
historical_sic,3600.0,37,25,0.6756756756756757,15,0.40540540540540543,15,0.40540540540540543
historical_sic,3612.0,33,24,0.7272727272727273,15,0.45454545454545453,15,0.45454545454545453
historical_sic,3613.0,25,21,0.84,17,0.68,15,0.6
historical_sic,3620.0,110,102,0.9272727272727272,62,0.5636363636363636,62,0.5636363636363636
historical_sic,3621.0,95,87,0.9157894736842105,68,0.7157894736842105,67,0.7052631578947368
historical_sic,3630.0,72,61,0.8472222222222222,52,0.7222222222222222,51,0.7083333333333334
historical_sic,3634.0,34,24,0.7058823529411765,10,0.29411764705882354,10,0.29411764705882354
historical_sic,3640.0,179,149,0.8324022346368715,94,0.5251396648044693,93,0.5195530726256983
historical_sic,3651.0,110,77,0.7,51,0.4636363636363636,49,0.44545454545454544
historical_sic,3652.0,34,19,0.5588235294117647,11,0.3235294117647059,10,0.29411764705882354
historical_sic,3661.0,263,219,0.8326996197718631,161,0.6121673003802282,159,0.6045627376425855
historical_sic,3663.0,465,408,0.8774193548387097,239,0.513978494623656,233,0.5010752688172043
historical_sic,3669.0,350,282,0.8057142857142857,156,0.44571428571428573,149,0.4257142857142857
historical_sic,3670.0,180,151,0.8388888888888889,140,0.7777777777777778,133,0.7388888888888889
historical_sic,3672.0,166,158,0.9518072289156626,147,0.8855421686746988,144,0.8674698795180723
historical_sic,3674.0,1235,1090,0.8825910931174089,763,0.6178137651821862,742,0.6008097165991902
historical_sic,3677.0,22,21,0.9545454545454546,20,0.9090909090909091,20,0.9090909090909091
historical_sic,3678.0,50,47,0.94,37,0.74,37,0.74
historical_sic,3679.0,213,186,0.8732394366197183,143,0.6713615023474179,139,0.6525821596244131
historical_sic,3690.0,328,271,0.8262195121951219,187,0.5701219512195121,178,0.5426829268292683
historical_sic,3695.0,22,19,0.8636363636363636,10,0.45454545454545453,10,0.45454545454545453
historical_sic,3711.0,204,162,0.7941176470588235,87,0.4264705882352941,85,0.4166666666666667
historical_sic,3713.0,33,25,0.7575757575757576,21,0.6363636363636364,21,0.6363636363636364
historical_sic,3714.0,559,472,0.8443649373881932,324,0.5796064400715564,315,0.5635062611806798
historical_sic,3715.0,16,12,0.75,12,0.75,12,0.75
historical_sic,3716.0,24,22,0.9166666666666666,22,0.9166666666666666,21,0.875
historical_sic,3720.0,45,31,0.6888888888888889,24,0.5333333333333333,23,0.5111111111111111
historical_sic,3721.0,71,60,0.8450704225352113,21,0.29577464788732394,20,0.28169014084507044
historical_sic,3724.0,42,39,0.9285714285714286,30,0.7142857142857143,29,0.6904761904761905
historical_sic,3728.0,112,104,0.9285714285714286,76,0.6785714285714286,73,0.6517857142857143
historical_sic,3730.0,71,62,0.8732394366197183,44,0.6197183098591549,42,0.5915492957746479
historical_sic,3743.0,55,30,0.5454545454545454,22,0.4,21,0.38181818181818183
historical_sic,3751.0,93,78,0.8387096774193549,47,0.5053763440860215,47,0.5053763440860215
historical_sic,3760.0,55,53,0.9636363636363636,33,0.6,33,0.6
historical_sic,3790.0,51,35,0.6862745098039216,16,0.3137254901960784,15,0.29411764705882354
historical_sic,3812.0,127,116,0.9133858267716536,70,0.5511811023622047,69,0.5433070866141733
historical_sic,3821.0,51,41,0.803921568627451,32,0.6274509803921569,29,0.5686274509803921
historical_sic,3822.0,34,27,0.7941176470588235,15,0.4411764705882353,14,0.4117647058823529
historical_sic,3823.0,233,203,0.871244635193133,118,0.5064377682403434,118,0.5064377682403434
historical_sic,3824.0,17,15,0.8823529411764706,12,0.7058823529411765,12,0.7058823529411765
historical_sic,3825.0,178,158,0.8876404494382022,111,0.6235955056179775,105,0.5898876404494382
historical_sic,3826.0,315,285,0.9047619047619048,151,0.4793650793650794,149,0.473015873015873
historical_sic,3827.0,69,62,0.8985507246376812,53,0.7681159420289855,50,0.7246376811594203
historical_sic,3829.0,274,222,0.8102189781021898,113,0.4124087591240876,108,0.39416058394160586
historical_sic,3841.0,1510,1346,0.8913907284768212,786,0.5205298013245033,776,0.5139072847682119
historical_sic,3842.0,397,320,0.8060453400503779,177,0.44584382871536526,170,0.4282115869017632
historical_sic,3843.0,75,63,0.84,47,0.6266666666666667,44,0.5866666666666667
historical_sic,3844.0,34,24,0.7058823529411765,9,0.2647058823529412,8,0.23529411764705882
historical_sic,3845.0,515,462,0.8970873786407767,265,0.5145631067961165,256,0.4970873786407767
historical_sic,3851.0,44,42,0.9545454545454546,32,0.7272727272727273,32,0.7272727272727273
historical_sic,3861.0,83,53,0.6385542168674698,31,0.37349397590361444,29,0.3493975903614458
historical_sic,3873.0,25,22,0.88,23,0.92,22,0.88
historical_sic,3910.0,26,24,0.9230769230769231,20,0.7692307692307693,20,0.7692307692307693
historical_sic,3911.0,10,5,0.5,3,0.3,2,0.2
historical_sic,3931.0,7,4,0.5714285714285714,3,0.42857142857142855,3,0.42857142857142855
historical_sic,3942.0,17,15,0.8823529411764706,12,0.7058823529411765,12,0.7058823529411765
historical_sic,3944.0,81,68,0.8395061728395061,51,0.6296296296296297,48,0.5925925925925926
historical_sic,3949.0,148,131,0.8851351351351351,73,0.49324324324324326,72,0.4864864864864865
historical_sic,3950.0,2,0,0.0,0,0.0,0,0.0
historical_sic,3960.0,1,1,1.0,0,0.0,0,0.0
historical_sic,3990.0,217,171,0.7880184331797235,104,0.4792626728110599,98,0.45161290322580644
historical_sic,4011.0,104,90,0.8653846153846154,61,0.5865384615384616,61,0.5865384615384616
historical_sic,4013.0,9,9,1.0,0,0.0,0,0.0
historical_sic,4100.0,8,3,0.375,1,0.125,1,0.125
historical_sic,4210.0,34,31,0.9117647058823529,22,0.6470588235294118,22,0.6470588235294118
historical_sic,4213.0,210,201,0.9571428571428572,144,0.6857142857142857,144,0.6857142857142857
historical_sic,4220.0,10,9,0.9,0,0.0,0,0.0
historical_sic,4400.0,132,121,0.9166666666666666,51,0.38636363636363635,49,0.3712121212121212
historical_sic,4412.0,88,74,0.8409090909090909,32,0.36363636363636365,31,0.3522727272727273
historical_sic,4512.0,185,138,0.745945945945946,56,0.3027027027027027,55,0.2972972972972973
historical_sic,4513.0,41,38,0.926829268292683,28,0.6829268292682927,28,0.6829268292682927
historical_sic,4522.0,60,49,0.8166666666666667,26,0.43333333333333335,26,0.43333333333333335
historical_sic,4581.0,21,18,0.8571428571428571,15,0.7142857142857143,15,0.7142857142857143
historical_sic,4610.0,212,118,0.5566037735849056,49,0.23113207547169812,47,0.22169811320754718
historical_sic,4700.0,218,157,0.7201834862385321,59,0.2706422018348624,57,0.26146788990825687
historical_sic,4731.0,131,121,0.9236641221374046,79,0.6030534351145038,78,0.5954198473282443
historical_sic,4812.0,84,71,0.8452380952380952,36,0.42857142857142855,36,0.42857142857142855
historical_sic,4813.0,517,404,0.781431334622824,224,0.4332688588007737,213,0.4119922630560928
historical_sic,4822.0,35,31,0.8857142857142857,24,0.6857142857142857,22,0.6285714285714286
historical_sic,4832.0,179,157,0.8770949720670391,105,0.5865921787709497,104,0.5810055865921788
historical_sic,4833.0,185,173,0.9351351351351351,98,0.5297297297297298,97,0.5243243243243243
historical_sic,4841.0,302,256,0.847682119205298,146,0.48344370860927155,142,0.47019867549668876
historical_sic,4899.0,338,260,0.7692307692307693,119,0.3520710059171598,115,0.34023668639053256
historical_sic,5000.0,63,45,0.7142857142857143,24,0.38095238095238093,24,0.38095238095238093
historical_sic,5010.0,44,36,0.8181818181818182,22,0.5,21,0.4772727272727273
historical_sic,5013.0,45,33,0.7333333333333333,20,0.4444444444444444,19,0.4222222222222222
historical_sic,5020.0,32,16,0.5,4,0.125,4,0.125
historical_sic,5030.0,73,58,0.7945205479452054,42,0.5753424657534246,41,0.5616438356164384
historical_sic,5031.0,25,17,0.68,11,0.44,10,0.4
historical_sic,5040.0,22,13,0.5909090909090909,6,0.2727272727272727,6,0.2727272727272727
historical_sic,5045.0,93,79,0.8494623655913979,46,0.4946236559139785,42,0.45161290322580644
historical_sic,5047.0,79,73,0.9240506329113924,52,0.6582278481012658,52,0.6582278481012658
historical_sic,5050.0,8,8,1.0,2,0.25,2,0.25
historical_sic,5051.0,71,68,0.9577464788732394,48,0.676056338028169,47,0.6619718309859155
historical_sic,5063.0,64,57,0.890625,51,0.796875,49,0.765625
historical_sic,5064.0,8,7,0.875,4,0.5,4,0.5
historical_sic,5065.0,166,143,0.8614457831325302,105,0.6325301204819277,101,0.608433734939759
historical_sic,5070.0,36,28,0.7777777777777778,20,0.5555555555555556,20,0.5555555555555556
historical_sic,5072.0,26,17,0.6538461538461539,11,0.4230769230769231,11,0.4230769230769231
historical_sic,5080.0,87,66,0.7586206896551724,51,0.5862068965517241,49,0.5632183908045977
historical_sic,5082.0,1,0,0.0,0,0.0,0,0.0
historical_sic,5084.0,68,60,0.8823529411764706,50,0.7352941176470589,49,0.7205882352941176
historical_sic,5090.0,99,53,0.5353535353535354,26,0.26262626262626265,26,0.26262626262626265
historical_sic,5094.0,21,11,0.5238095238095238,6,0.2857142857142857,5,0.23809523809523808
historical_sic,5099.0,20,10,0.5,5,0.25,5,0.25
historical_sic,5110.0,31,29,0.9354838709677419,18,0.5806451612903226,18,0.5806451612903226
historical_sic,5122.0,162,146,0.9012345679012346,81,0.5,81,0.5
historical_sic,5130.0,57,43,0.7543859649122807,27,0.47368421052631576,26,0.45614035087719296
historical_sic,5140.0,117,77,0.6581196581196581,37,0.3162393162393162,35,0.29914529914529914
historical_sic,5141.0,109,97,0.8899082568807339,64,0.5871559633027523,61,0.5596330275229358
historical_sic,5150.0,83,70,0.8433734939759037,26,0.3132530120481928,25,0.30120481927710846
historical_sic,5160.0,68,61,0.8970588235294118,34,0.5,34,0.5
historical_sic,5171.0,65,54,0.8307692307692308,30,0.46153846153846156,28,0.4307692307692308
historical_sic,5172.0,72,49,0.6805555555555556,28,0.3888888888888889,27,0.375
historical_sic,5180.0,23,13,0.5652173913043478,2,0.08695652173913043,2,0.08695652173913043
historical_sic,5190.0,94,70,0.7446808510638298,33,0.35106382978723405,33,0.35106382978723405
historical_sic,5200.0,70,54,0.7714285714285715,50,0.7142857142857143,49,0.7
historical_sic,5211.0,98,86,0.8775510204081632,52,0.5306122448979592,52,0.5306122448979592
historical_sic,5311.0,94,76,0.8085106382978723,33,0.35106382978723405,32,0.3404255319148936
historical_sic,5331.0,150,118,0.7866666666666666,69,0.46,65,0.43333333333333335
historical_sic,5399.0,5,5,1.0,1,0.2,1,0.2
historical_sic,5400.0,77,37,0.4805194805194805,16,0.2077922077922078,16,0.2077922077922078
historical_sic,5411.0,150,137,0.9133333333333333,82,0.5466666666666666,81,0.54
historical_sic,5412.0,13,6,0.46153846153846156,4,0.3076923076923077,2,0.15384615384615385
historical_sic,5500.0,245,210,0.8571428571428571,63,0.2571428571428571,61,0.24897959183673468
historical_sic,5531.0,82,76,0.926829268292683,54,0.6585365853658537,53,0.6463414634146342
historical_sic,5600.0,172,132,0.7674418604651163,93,0.5406976744186046,85,0.4941860465116279
historical_sic,5621.0,89,61,0.6853932584269663,36,0.4044943820224719,31,0.34831460674157305
historical_sic,5651.0,156,143,0.9166666666666666,102,0.6538461538461539,98,0.6282051282051282
historical_sic,5661.0,65,54,0.8307692307692308,41,0.6307692307692307,38,0.5846153846153846
historical_sic,5700.0,93,66,0.7096774193548387,42,0.45161290322580644,38,0.40860215053763443
historical_sic,5712.0,38,30,0.7894736842105263,15,0.39473684210526316,15,0.39473684210526316
historical_sic,5731.0,56,35,0.625,14,0.25,11,0.19642857142857142
historical_sic,5734.0,46,36,0.782608695652174,14,0.30434782608695654,13,0.2826086956521739
historical_sic,5735.0,15,11,0.7333333333333333,4,0.26666666666666666,3,0.2
historical_sic,5810.0,137,116,0.8467153284671532,30,0.21897810218978103,29,0.2116788321167883
historical_sic,5812.0,717,582,0.8117154811715481,291,0.40585774058577406,281,0.39191073919107394
historical_sic,5900.0,335,220,0.6567164179104478,64,0.191044776119403,60,0.1791044776119403
historical_sic,5912.0,122,107,0.8770491803278688,52,0.4262295081967213,48,0.39344262295081966
historical_sic,5940.0,146,108,0.7397260273972602,83,0.5684931506849316,79,0.541095890410959
historical_sic,5944.0,54,44,0.8148148148148148,33,0.6111111111111112,32,0.5925925925925926
historical_sic,5945.0,32,22,0.6875,17,0.53125,14,0.4375
historical_sic,5960.0,148,103,0.6959459459459459,39,0.2635135135135135,39,0.2635135135135135
historical_sic,5961.0,273,222,0.8131868131868132,114,0.4175824175824176,110,0.40293040293040294
historical_sic,5990.0,217,141,0.6497695852534562,82,0.3778801843317972,77,0.3548387096774194
historical_sic,7000.0,38,27,0.7105263157894737,4,0.10526315789473684,4,0.10526315789473684
historical_sic,7011.0,443,320,0.7223476297968398,77,0.17381489841986456,77,0.17381489841986456
historical_sic,7200.0,365,264,0.7232876712328767,119,0.32602739726027397,114,0.31232876712328766
historical_sic,7310.0,383,288,0.7519582245430809,127,0.33159268929503916,122,0.3185378590078329
historical_sic,7311.0,143,123,0.8601398601398601,68,0.4755244755244755,66,0.46153846153846156
historical_sic,7320.0,104,81,0.7788461538461539,56,0.5384615384615384,56,0.5384615384615384
historical_sic,7330.0,41,32,0.7804878048780488,8,0.1951219512195122,8,0.1951219512195122
historical_sic,7331.0,30,20,0.6666666666666666,14,0.4666666666666667,13,0.43333333333333335
historical_sic,7340.0,53,31,0.5849056603773585,29,0.5471698113207547,29,0.5471698113207547
historical_sic,7350.0,120,34,0.2833333333333333,13,0.10833333333333334,13,0.10833333333333334
historical_sic,7359.0,370,96,0.2594594594594595,47,0.12702702702702703,45,0.12162162162162163
historical_sic,7361.0,62,47,0.7580645161290323,27,0.43548387096774194,26,0.41935483870967744
historical_sic,7363.0,304,262,0.8618421052631579,122,0.40131578947368424,117,0.3848684210526316
historical_sic,7370.0,579,465,0.8031088082901554,286,0.4939550949913644,283,0.48877374784110533
historical_sic,7371.0,464,377,0.8125,209,0.4504310344827586,203,0.4375
historical_sic,7372.0,2573,2136,0.8301593470656821,1016,0.39486980178779635,994,0.3863194714341236
historical_sic,7373.0,561,470,0.8377896613190731,276,0.4919786096256685,265,0.47237076648841353
historical_sic,7374.0,936,774,0.8269230769230769,400,0.42735042735042733,392,0.4188034188034188
historical_sic,7377.0,5,0,0.0,0,0.0,0,0.0
historical_sic,7380.0,205,139,0.6780487804878049,66,0.32195121951219513,64,0.3121951219512195
historical_sic,7381.0,72,53,0.7361111111111112,27,0.375,26,0.3611111111111111
historical_sic,7384.0,8,7,0.875,6,0.75,6,0.75
historical_sic,7385.0,10,8,0.8,3,0.3,3,0.3
historical_sic,7389.0,1948,1469,0.7541067761806981,783,0.4019507186858316,765,0.39271047227926076
historical_sic,7500.0,42,28,0.6666666666666666,19,0.4523809523809524,18,0.42857142857142855
historical_sic,7510.0,91,51,0.5604395604395604,20,0.21978021978021978,19,0.2087912087912088
historical_sic,7600.0,46,28,0.6086956521739131,17,0.3695652173913043,16,0.34782608695652173
historical_sic,7812.0,204,132,0.6470588235294118,62,0.30392156862745096,56,0.27450980392156865
historical_sic,7819.0,65,48,0.7384615384615385,8,0.12307692307692308,8,0.12307692307692308
historical_sic,7822.0,41,21,0.5121951219512195,3,0.07317073170731707,2,0.04878048780487805
historical_sic,7829.0,2,0,0.0,0,0.0,0,0.0
historical_sic,7830.0,86,72,0.8372093023255814,38,0.4418604651162791,37,0.43023255813953487
historical_sic,7841.0,28,24,0.8571428571428571,19,0.6785714285714286,19,0.6785714285714286
historical_sic,7900.0,259,195,0.752895752895753,102,0.3938223938223938,98,0.3783783783783784
historical_sic,7948.0,76,58,0.7631578947368421,21,0.27631578947368424,21,0.27631578947368424
historical_sic,7990.0,244,185,0.7581967213114754,60,0.2459016393442623,59,0.24180327868852458
historical_sic,7997.0,61,55,0.9016393442622951,15,0.2459016393442623,14,0.22950819672131148
historical_sic,8000.0,92,76,0.8260869565217391,33,0.358695652173913,33,0.358695652173913
historical_sic,8011.0,73,62,0.8493150684931506,12,0.1643835616438356,12,0.1643835616438356
historical_sic,8050.0,67,57,0.8507462686567164,24,0.3582089552238806,24,0.3582089552238806
historical_sic,8051.0,65,52,0.8,20,0.3076923076923077,19,0.2923076923076923
historical_sic,8060.0,73,68,0.9315068493150684,23,0.3150684931506849,23,0.3150684931506849
historical_sic,8062.0,138,124,0.8985507246376812,34,0.2463768115942029,34,0.2463768115942029
historical_sic,8071.0,260,227,0.8730769230769231,135,0.5192307692307693,134,0.5153846153846153
historical_sic,8082.0,117,109,0.9316239316239316,35,0.29914529914529914,35,0.29914529914529914
historical_sic,8090.0,156,153,0.9807692307692307,81,0.5192307692307693,81,0.5192307692307693
historical_sic,8093.0,90,75,0.8333333333333334,24,0.26666666666666666,22,0.24444444444444444
historical_sic,8111.0,15,11,0.7333333333333333,12,0.8,11,0.7333333333333333
historical_sic,8200.0,395,329,0.8329113924050633,193,0.48860759493670886,185,0.46835443037974683
historical_sic,8300.0,21,15,0.7142857142857143,4,0.19047619047619047,3,0.14285714285714285
historical_sic,8351.0,11,10,0.9090909090909091,10,0.9090909090909091,10,0.9090909090909091
historical_sic,8700.0,49,34,0.6938775510204082,18,0.3673469387755102,18,0.3673469387755102
historical_sic,8711.0,174,150,0.8620689655172413,79,0.4540229885057471,78,0.4482758620689655
historical_sic,8731.0,326,266,0.8159509202453987,114,0.3496932515337423,110,0.3374233128834356
historical_sic,8734.0,37,23,0.6216216216216216,8,0.21621621621621623,7,0.1891891891891892
historical_sic,8741.0,140,115,0.8214285714285714,53,0.37857142857142856,52,0.37142857142857144
historical_sic,8742.0,658,481,0.7310030395136778,203,0.30851063829787234,195,0.29635258358662614
historical_sic,8744.0,23,16,0.6956521739130435,6,0.2608695652173913,6,0.2608695652173913
historical_sic,8900.0,18,13,0.7222222222222222,3,0.16666666666666666,3,0.16666666666666666
size_bucket,Q1,12905,10456,0.8102285935683844,3096,0.23990701278574197,2983,0.23115071677644325
size_bucket,Q2,12901,11826,0.9166731261142547,6080,0.47128129602356406,5928,0.45949926362297494
size_bucket,Q3,12897,11773,0.9128479491354579,7024,0.5446227804915872,6850,0.5311312708381795
size_bucket,Q4,12903,11742,0.910020925366194,7012,0.5434395101914283,6918,0.5361543827016972
size_bucket,assets_missing_or_nonpositive,5297,0,0.0,120,0.022654332641117613,0,0.0
