research_universe_company_year_id,cik10,feature_year,research_sector,anchor_accession,review_categories,resolver_status,resolver_reason,tag,statement_file,statement_label,statement_concepts,resolver_current_value,resolver_current_end,direct_statement_value,direct_value_matches,exact_accession,review_outcome
0000002969-2011,0000002969,2011,Industrials_Manufacturing,0001193125-11-319887,distinct_tag_label_pair,selected,primary_statement_consolidated_revenue_confirmed,SalesRevenueNet,R2.htm,Sales,us-gaap:SalesRevenueNet,10082000000.0,2011-09-30,10082000000.0,True,0001193125-11-319887,PASS_primary_statement_value_confirmed
0000006951-2016,0000006951,2016,Technology,0000006951-16-000068,available_sector_Technology,selected,primary_statement_consolidated_revenue_confirmed,SalesRevenueNet,R2.htm,Net sales,us-gaap:SalesRevenueNet,10825000000.0,2016-10-30,10825000000.0,True,0000006951-16-000068,PASS_primary_statement_value_confirmed
0000007431-2018,0000007431,2018,Industrials_Manufacturing,0001564590-19-003978,available_year_2018,selected,primary_statement_consolidated_revenue_confirmed,RevenueFromContractWithCustomerExcludingAssessedTax,R2.htm,Net sales,us-gaap:RevenueFromContractWithCustomerExcludingAssessedTax,975300000.0,2018-12-31,975300000.0,True,0001564590-19-003978,PASS_primary_statement_value_confirmed
0000015511-2014,0000015511,2014,Extended_Candidate,0000015511-15-000004,missing_statement_evidence,ambiguous,primary_statement_evidence_unavailable,,,,,,,,False,0000015511-15-000004,PASS_fail_closed_no_value
0000021344-2016,0000021344,2016,Industrials_Manufacturing,0000021344-17-000009,ambiguous_primary_statement_revenue_not_confirmed,ambiguous,primary_statement_revenue_not_confirmed,,,,,,,,False,0000021344-17-000009,PASS_fail_closed_no_value
0000023194-2018,0000023194,2018,Extended_Candidate,0001564590-19-005805,ambiguous_primary_statement_revenue_not_confirmed,ambiguous,primary_statement_revenue_not_confirmed,,,,,,,,False,0001564590-19-005805,PASS_fail_closed_no_value
0000026172-2017,0000026172,2017,Industrials_Manufacturing,0000026172-18-000011,ambiguous_component_revenue_without_confirmed_consolidated_total,ambiguous,component_revenue_without_confirmed_consolidated_total,,,,,,,,False,0000026172-18-000011,PASS_fail_closed_no_value
0000038264-2011,0000038264,2011,Industrials_Manufacturing,0001003297-11-000378,available_year_2011,selected,primary_statement_consolidated_revenue_confirmed,SalesRevenueGoodsNet,R4.htm,Net sales,us-gaap:SalesRevenueGoodsNet,22777040.0,2011-09-30,22777040.0,True,0001003297-11-000378,PASS_primary_statement_value_confirmed
0000039273-2011,0000039273,2011,Extended_Candidate,0000039273-12-000014,distinct_tag_label_pair,selected,primary_statement_consolidated_revenue_confirmed,SalesRevenueGoodsNet,R4.htm,Total operating revenue,us-gaap:SalesRevenueGoodsNet,388461000.0,2011-12-31,388461000.0,True,0000039273-12-000014,PASS_primary_statement_value_confirmed
0000039368-2022,0000039368,2022,Industrials_Manufacturing,0001437749-23-001663,ambiguous_frozen_and_xbrl_period_end_materially_disagree,ambiguous,frozen_and_xbrl_period_end_materially_disagree,,,,,,,,False,0001437749-23-001663,PASS_fail_closed_no_value
0000049826-2011,0000049826,2011,Industrials_Manufacturing,0001193125-12-067004,distinct_tag_label_pair,selected,primary_statement_consolidated_revenue_confirmed,SalesRevenueNet,R2.htm,Operating Revenues,us-gaap:SalesRevenueNet,17786583000.0,2011-12-31,17786583000.0,True,0001193125-12-067004,PASS_primary_statement_value_confirmed
0000051143-2018,0000051143,2018,Technology,0001047469-19-000712,ambiguous_multiple_primary_statement_revenue_rows,ambiguous,multiple_primary_statement_revenue_rows,,,,,,,,False,0001047469-19-000712,PASS_fail_closed_no_value
0000065759-2020,0000065759,2020,Technology,0001010549-21-000006,available_year_2020,selected,primary_statement_consolidated_revenue_confirmed,Revenues,R4.htm,NET SALES,us-gaap:Revenues,22274000.0,2020-11-30,22274000.0,True,0001010549-21-000006,PASS_primary_statement_value_confirmed
0000075677-2011,0000075677,2011,Industrials_Manufacturing,0001193125-12-070269,available_year_2011,selected,primary_statement_consolidated_revenue_confirmed,SalesRevenueNet,R4.htm,Net sales,us-gaap:SalesRevenueNet,2620111000.0,2011-12-31,2620111000.0,True,0001193125-12-070269,PASS_primary_statement_value_confirmed
0000103872-2012,0000103872,2012,Extended_Candidate,0001193125-13-444053,distinct_tag_label_pair,selected,primary_statement_consolidated_revenue_confirmed,SalesRevenueServicesNet,R2.htm,NET REVENUE,us-gaap:SalesRevenueServicesNet,2246127000.0,2012-10-28,2246127000.0,True,0001193125-13-444053,PASS_primary_statement_value_confirmed
0000278165-2014,0000278165,2014,Technology,0001493152-15-001313,largest_revenue_change,selected,primary_statement_consolidated_revenue_confirmed,Revenues,R4.htm,Total Revenues,us-gaap:Revenues,37309973.0,2014-12-31,37309973.0,True,0001493152-15-001313,PASS_primary_statement_value_confirmed
0000356590-2020,0000356590,2020,Extended_Candidate,0001493152-21-008327,distinct_tag_label_pair,selected,primary_statement_consolidated_revenue_confirmed,RevenueFromContractWithCustomerExcludingAssessedTax,R4.htm,"REVENUES, net",us-gaap:RevenueFromContractWithCustomerExcludingAssessedTax,8500.0,2020-12-31,8500.0,True,0001493152-21-008327,PASS_primary_statement_value_confirmed
0000732834-2012,0000732834,2012,Extended_Candidate,0001193125-13-080751,available_year_2012,selected,primary_statement_consolidated_revenue_confirmed,Revenues,R4.htm,Total revenues,us-gaap:Revenues,2572520000.0,2012-12-31,2572520000.0,True,0001193125-13-080751,PASS_primary_statement_value_confirmed
0000744825-2011,0000744825,2011,Extended_Candidate,0001144204-12-018468,ambiguous_component_revenue_without_absent_complement,ambiguous,component_revenue_without_absent_complement,,,,,,,,False,0001144204-12-018468,PASS_fail_closed_no_value
0000744825-2013,0000744825,2013,Extended_Candidate,0001144204-14-019552,ambiguous_component_revenue_without_absent_complement,ambiguous,component_revenue_without_absent_complement,,,,,,,,False,0001144204-14-019552,PASS_fail_closed_no_value
0000789570-2014,0000789570,2014,Extended_Candidate,0001564590-15-001180,distinct_tag_label_pair,selected,primary_statement_consolidated_revenue_confirmed,SalesRevenueNet,R4.htm,"Total revenues, net",us-gaap:SalesRevenueNet,10081984000.0,2014-12-31,10081984000.0,True,0001564590-15-001180,PASS_primary_statement_value_confirmed
0000800240-2013,0000800240,2013,Retail,0001193125-14-065991,available_sector_Retail,selected,primary_statement_consolidated_revenue_confirmed,SalesRevenueNet,R2.htm,Sales,us-gaap:SalesRevenueNet,11242000000.0,2013-12-28,11242000000.0,True,0001193125-14-065991,PASS_primary_statement_value_confirmed
0000806517-2022,0000806517,2022,Extended_Candidate,0001171843-23-001908,available_year_2022,selected,primary_statement_consolidated_revenue_confirmed,RevenueFromContractWithCustomerIncludingAssessedTax,R4.htm,Revenues,us-gaap:RevenueFromContractWithCustomerIncludingAssessedTax,25240000.0,2022-12-31,25240000.0,True,0001171843-23-001908,PASS_primary_statement_value_confirmed
0000812906-2012,0000812906,2012,Retail,0001437749-13-004793,ambiguous_primary_statement_revenue_fact_context_not_confirmed,ambiguous,primary_statement_revenue_fact_context_not_confirmed,,,,,,,,False,0001437749-13-004793,PASS_fail_closed_no_value
0000814586-2015,0000814586,2015,Industrials_Manufacturing,0001072613-16-000724,ambiguous_component_revenue_without_confirmed_consolidated_total,ambiguous,component_revenue_without_confirmed_consolidated_total,,,,,,,,False,0001072613-16-000724,PASS_fail_closed_no_value
0000864240-2021,0000864240,2021,Technology,0001437749-22-006515,available_year_2021,selected,primary_statement_consolidated_revenue_confirmed,RevenueFromContractWithCustomerIncludingAssessedTax,R2.htm,Net revenue,us-gaap:RevenueFromContractWithCustomerIncludingAssessedTax,97434000.0,2021-12-31,97434000.0,True,0001437749-22-006515,PASS_primary_statement_value_confirmed
0000886346-2015,0000886346,2015,Industrials_Manufacturing,0000886346-16-000221,distinct_tag_label_pair,selected,primary_statement_consolidated_revenue_confirmed,SalesRevenueNet,R4.htm,Revenues (Note 11),us-gaap:SalesRevenueNet,390107000.0,2016-01-02,390107000.0,True,0000886346-16-000221,PASS_primary_statement_value_confirmed
0000887359-2014,0000887359,2014,Industrials_Manufacturing,0001104659-15-022712,largest_revenue_change,selected,primary_statement_consolidated_revenue_confirmed,SalesRevenueNet,R4.htm,Total revenues,us-gaap:SalesRevenueNet,28796000.0,2014-12-31,28796000.0,True,0001104659-15-022712,PASS_primary_statement_value_confirmed
0000889353-2022,0000889353,2022,Extended_Candidate,0001096906-23-002268,largest_revenue_change,selected,primary_statement_consolidated_revenue_confirmed,Revenues,R4.htm,Net sales,us-gaap:Revenues,4063122.0,2022-12-31,4063122.0,True,0001096906-23-002268,PASS_primary_statement_value_confirmed
0000899460-2013,0000899460,2013,Industrials_Manufacturing,0001193125-14-080324,ambiguous_primary_statement_revenue_annual_values_not_confirmed,ambiguous,primary_statement_revenue_annual_values_not_confirmed,,,,,,,,False,0001193125-14-080324,PASS_fail_closed_no_value
0000914329-2012,0000914329,2012,Technology,0000914329-13-000010,available_year_2012,selected,primary_statement_consolidated_revenue_confirmed,SalesRevenueNet,R4.htm,Total net sales,us-gaap:SalesRevenueNet,891738000.0,2012-12-31,891738000.0,True,0000914329-13-000010,PASS_primary_statement_value_confirmed
0000917470-2011,0000917470,2011,Extended_Candidate,0001193125-12-075260,available_sector_Extended_Candidate,selected,primary_statement_consolidated_revenue_confirmed,SalesRevenueGoodsNet,R2.htm,Net sales,us-gaap:SalesRevenueGoodsNet,1261872000.0,2011-12-31,1261872000.0,True,0001193125-12-075260,PASS_primary_statement_value_confirmed
0000925645-2015,0000925645,2015,Extended_Candidate,0000925645-16-000045,available_sector_Extended_Candidate,selected,primary_statement_consolidated_revenue_confirmed,SalesRevenueServicesNet,R4.htm,Net revenues,us-gaap:SalesRevenueServicesNet,605841000.0,2015-12-31,605841000.0,True,0000925645-16-000045,PASS_primary_statement_value_confirmed
0000927003-2017,0000927003,2017,Technology,0000927003-18-000005,ambiguous_exact_anchor_annual_current_context_unresolved,ambiguous,exact_anchor_annual_current_context_unresolved,,,,,,,,False,0000927003-18-000005,PASS_fail_closed_no_value
0000933972-2014,0000933972,2014,Industrials_Manufacturing,0001575705-15-000022,ambiguous_primary_statement_revenue_annual_values_not_confirmed,ambiguous,primary_statement_revenue_annual_values_not_confirmed,,,,,,,,False,0001575705-15-000022,PASS_fail_closed_no_value
0000948072-2011,0000948072,2011,Extended_Candidate,0001140361-12-018260,distinct_tag_label_pair,selected,primary_statement_consolidated_revenue_confirmed,Revenues,R4.htm,REVENUE:,us-gaap:Revenues,63120607.0,2011-12-31,63120607.0,True,0001140361-12-018260,PASS_primary_statement_value_confirmed
0001001838-2013,0001001838,2013,Extended_Candidate,0001104659-14-014124,ambiguous_primary_statement_revenue_concept_not_admissible,ambiguous,primary_statement_revenue_concept_not_admissible,,,,,,,,False,0001104659-14-014124,PASS_fail_closed_no_value
0001001838-2017,0001001838,2017,Extended_Candidate,0001047469-18-001211,ambiguous_primary_statement_revenue_concept_not_admissible,ambiguous,primary_statement_revenue_concept_not_admissible,,,,,,,,False,0001047469-18-001211,PASS_fail_closed_no_value
0001005731-2017,0001005731,2017,Extended_Candidate,0001213900-17-010610,available_year_2017,selected,primary_statement_consolidated_revenue_confirmed,Revenues,R4.htm,REVENUES,us-gaap:Revenues,1501729000.0,2017-07-31,1501729000.0,True,0001213900-17-010610,PASS_primary_statement_value_confirmed
0001031203-2014,0001031203,2014,Retail,0001031203-15-000009,available_sector_Retail,selected,primary_statement_consolidated_revenue_confirmed,Revenues,R4.htm,Total revenues,us-gaap:Revenues,9937889000.0,2014-12-31,9937889000.0,True,0001031203-15-000009,PASS_primary_statement_value_confirmed
0001037016-2016,0001037016,2016,Extended_Candidate,0001037016-17-000006,ambiguous_frozen_and_xbrl_period_end_materially_disagree,ambiguous,frozen_and_xbrl_period_end_materially_disagree,,,,,,,,False,0001037016-17-000006,PASS_fail_closed_no_value
0001046257-2011,0001046257,2011,Industrials_Manufacturing,0001104659-12-013085,ambiguous_component_revenue_without_confirmed_consolidated_total,ambiguous,component_revenue_without_confirmed_consolidated_total,,,,,,,,False,0001104659-12-013085,PASS_fail_closed_no_value
0001076541-2015,0001076541,2015,Technology,0001078782-16-002903,distinct_tag_label_pair,selected,primary_statement_consolidated_revenue_confirmed,Revenues,R4.htm,"Revenues, net:",us-gaap:Revenues,0.0,2015-12-31,0.0,True,0001078782-16-002903,PASS_primary_statement_value_confirmed
0001077183-2012,0001077183,2012,Extended_Candidate,0001193125-13-068680,ambiguous_component_revenue_without_absent_complement,ambiguous,component_revenue_without_absent_complement,,,,,,,,False,0001193125-13-068680,PASS_fail_closed_no_value
0001077183-2016,0001077183,2016,Extended_Candidate,0001564590-17-004158,available_year_2016,selected,primary_statement_consolidated_revenue_confirmed,SalesRevenueServicesNet,R4.htm,Total Revenue,us-gaap:SalesRevenueServicesNet,244083000.0,2016-12-31,244083000.0,True,0001564590-17-004158,PASS_primary_statement_value_confirmed
0001128281-2018,0001128281,2018,Extended_Candidate,0001437749-19-006042,distinct_tag_label_pair,selected,primary_statement_consolidated_revenue_confirmed,RevenueFromContractWithCustomerIncludingAssessedTax,R4.htm,REVENUE,us-gaap:RevenueFromContractWithCustomerIncludingAssessedTax,11118452.0,2018-12-31,11118452.0,True,0001437749-19-006042,PASS_primary_statement_value_confirmed
0001132509-2020,0001132509,2020,Extended_Candidate,0001477932-21-001712,largest_revenue_change,selected,primary_statement_consolidated_revenue_confirmed,Revenues,R4.htm,"Revenue, net",us-gaap:Revenues,237980.0,2020-12-31,237980.0,True,0001477932-21-001712,PASS_primary_statement_value_confirmed
0001137789-2013,0001137789,2013,Technology,0001047469-13-008213,available_year_2013,selected,primary_statement_consolidated_revenue_confirmed,SalesRevenueNet,R4.htm,Revenue,us-gaap:SalesRevenueNet,14351000000.0,2013-06-28,14351000000.0,True,0001047469-13-008213,PASS_primary_statement_value_confirmed
0001139463-2012,0001139463,2012,Extended_Candidate,0001193125-12-502900,ambiguous_frozen_and_xbrl_period_end_materially_disagree,ambiguous,frozen_and_xbrl_period_end_materially_disagree,,,,,,,,False,0001193125-12-502900,PASS_fail_closed_no_value
0001145197-2021,0001145197,2021,Industrials_Manufacturing,0001145197-22-000012,distinct_tag_label_pair,selected,primary_statement_consolidated_revenue_confirmed,RevenueFromContractWithCustomerExcludingAssessedTax,R5.htm,Revenue (Related Party Transactions Note 5),us-gaap:RevenueFromContractWithCustomerExcludingAssessedTax,1098800000.0,2021-12-31,1098800000.0,True,0001145197-22-000012,PASS_primary_statement_value_confirmed
0001173489-2015,0001173489,2015,Technology,0001193125-16-501526,available_year_2015,selected,primary_statement_consolidated_revenue_confirmed,Revenues,R4.htm,Total revenues,us-gaap:Revenues,59499000.0,2015-12-31,59499000.0,True,0001193125-16-501526,PASS_primary_statement_value_confirmed
0001173514-2016,0001173514,2016,Industrials_Manufacturing,0001173514-17-000019,available_year_2016,selected,primary_statement_consolidated_revenue_confirmed,Revenues,R2.htm,Revenues,us-gaap:Revenues,2569700000.0,2016-12-31,2569700000.0,True,0001173514-17-000019,PASS_primary_statement_value_confirmed
0001177394-2017,0001177394,2017,Technology,0001177394-18-000010,available_year_2017,selected,primary_statement_consolidated_revenue_confirmed,SalesRevenueNet,R4.htm,Total revenue,us-gaap:SalesRevenueNet,17045700000.0,2017-11-30,17045700000.0,True,0001177394-18-000010,PASS_primary_statement_value_confirmed
0001178879-2022,0001178879,2022,Industrials_Manufacturing,0001178879-23-000004,ambiguous_primary_statement_revenue_not_confirmed,ambiguous,primary_statement_revenue_not_confirmed,,,,,,,,False,0001178879-23-000004,PASS_fail_closed_no_value
0001274032-2013,0001274032,2013,Technology,0001193125-14-098417,available_sector_Technology,selected,primary_statement_consolidated_revenue_confirmed,SalesRevenueNet,R4.htm,Net sales,us-gaap:SalesRevenueNet,37895000.0,2013-12-31,37895000.0,True,0001193125-14-098417,PASS_primary_statement_value_confirmed
0001275014-2020,0001275014,2020,Technology,0001564590-21-007569,available_year_2020,selected,primary_statement_consolidated_revenue_confirmed,Revenues,R4.htm,Total revenues,us-gaap:Revenues,1398600000.0,2020-12-25,1398600000.0,True,0001564590-21-007569,PASS_primary_statement_value_confirmed
0001283140-2021,0001283140,2021,Extended_Candidate,0001283140-22-000009,ambiguous_multiple_primary_statement_revenue_rows,ambiguous,multiple_primary_statement_revenue_rows,,,,,,,,False,0001283140-22-000009,PASS_fail_closed_no_value
0001287213-2014,0001287213,2014,Industrials_Manufacturing,0001558370-15-000337,available_year_2014,selected,primary_statement_consolidated_revenue_confirmed,SalesRevenueNet,R4.htm,Net sales,us-gaap:SalesRevenueNet,303511000.0,2014-12-31,303511000.0,True,0001558370-15-000337,PASS_primary_statement_value_confirmed
0001304741-2017,0001304741,2017,Extended_Candidate,0001663577-18-000156,ambiguous_exact_anchor_annual_current_context_unresolved,ambiguous,exact_anchor_annual_current_context_unresolved,,,,,,,,False,0001663577-18-000156,PASS_fail_closed_no_value
0001316625-2013,0001316625,2013,Technology,0001316625-13-000024,available_year_2013,selected,primary_statement_consolidated_revenue_confirmed,Revenues,R2.htm,Total revenue (Note 2),us-gaap:Revenues,767227000.0,2013-06-28,767227000.0,True,0001316625-13-000024,PASS_primary_statement_value_confirmed
0001318268-2021,0001318268,2021,Retail,0001493152-22-024166,largest_revenue_change,selected,primary_statement_consolidated_revenue_confirmed,RevenueFromContractWithCustomerIncludingAssessedTax,R4.htm,Revenues,us-gaap:RevenueFromContractWithCustomerIncludingAssessedTax,1243655.0,2021-12-31,1243655.0,True,0001493152-22-024166,PASS_primary_statement_value_confirmed
0001322952-2016,0001322952,2016,Extended_Candidate,0001017386-17-000104,largest_revenue_change,selected,primary_statement_consolidated_revenue_confirmed,SalesRevenueNet,R4.htm,NET REVENUE,us-gaap:SalesRevenueNet,5201542.0,2016-12-31,5201542.0,True,0001017386-17-000104,PASS_primary_statement_value_confirmed
0001333513-2014,0001333513,2014,Technology,0001144204-15-011777,available_year_2014,selected,primary_statement_consolidated_revenue_confirmed,SalesRevenueNet,R4.htm,Net revenue,us-gaap:SalesRevenueNet,854415000.0,2014-12-31,854415000.0,True,0001144204-15-011777,PASS_primary_statement_value_confirmed
0001335493-2014,0001335493,2014,Industrials_Manufacturing,0001013762-15-000404,available_sector_Industrials_Manufacturing,selected,primary_statement_consolidated_revenue_confirmed,Revenues,R4.htm,Revenues,us-gaap:Revenues,74943.0,2014-06-30,74943.0,True,0001013762-15-000404,PASS_primary_statement_value_confirmed
0001337553-2018,0001337553,2018,Industrials_Manufacturing,0001628280-19-002369,distinct_tag_label_pair,selected,primary_statement_consolidated_revenue_confirmed,RevenueFromContractWithCustomerExcludingAssessedTax,R4.htm,"Total revenues, net",us-gaap:RevenueFromContractWithCustomerExcludingAssessedTax,24181000.0,2018-12-31,24181000.0,True,0001628280-19-002369,PASS_primary_statement_value_confirmed
0001364479-2015,0001364479,2015,Extended_Candidate,0001364479-16-000045,available_year_2015,selected,primary_statement_consolidated_revenue_confirmed,Revenues,R4.htm,Total revenues,us-gaap:Revenues,10535000000.0,2015-12-31,10535000000.0,True,0001364479-16-000045,PASS_primary_statement_value_confirmed
0001367920-2017,0001367920,2017,Industrials_Manufacturing,0001367920-18-000012,largest_revenue_change,selected,primary_statement_consolidated_revenue_confirmed,Revenues,R4.htm,Total revenue,us-gaap:Revenues,143891000.0,2017-12-31,143891000.0,True,0001367920-18-000012,PASS_primary_statement_value_confirmed
0001368148-2018,0001368148,2018,Industrials_Manufacturing,0001628280-19-002976,ambiguous_multiple_primary_statement_revenue_rows,ambiguous,multiple_primary_statement_revenue_rows,,,,,,,,False,0001628280-19-002976,PASS_fail_closed_no_value
0001376231-2011,0001376231,2011,Technology,0001376231-12-000002,ambiguous_primary_statement_revenue_annual_values_not_confirmed,ambiguous,primary_statement_revenue_annual_values_not_confirmed,,,,,,,,False,0001376231-12-000002,PASS_fail_closed_no_value
0001376231-2016,0001376231,2016,Technology,0001580957-17-000309,largest_revenue_change,selected,primary_statement_consolidated_revenue_confirmed,Revenues,R4.htm,SALES,us-gaap:Revenues,1580676.0,2016-12-31,1580676.0,True,0001580957-17-000309,PASS_primary_statement_value_confirmed
0001384135-2013,0001384135,2013,Industrials_Manufacturing,0001185185-14-000958,available_sector_Industrials_Manufacturing,selected,primary_statement_consolidated_revenue_confirmed,SalesRevenueNet,R4.htm,Net sales,us-gaap:SalesRevenueNet,44709526.0,2013-12-31,44709526.0,True,0001185185-14-000958,PASS_primary_statement_value_confirmed
0001442145-2013,0001442145,2013,Technology,0001442145-14-000008,distinct_tag_label_pair,selected,primary_statement_consolidated_revenue_confirmed,SalesRevenueServicesNet,R4.htm,"Revenues (including amounts from related parties of $13,882, in 2011, Note 19)",us-gaap:SalesRevenueServicesNet,1595703000.0,2013-12-31,1595703000.0,True,0001442145-14-000008,PASS_primary_statement_value_confirmed
0001449574-2015,0001449574,2015,Technology,0001477932-17-003466,largest_revenue_change,selected,primary_statement_consolidated_revenue_confirmed,Revenues,R4.htm,Total sales,us-gaap:Revenues,391872.0,2016-03-31,391872.0,True,0001477932-17-003466,PASS_primary_statement_value_confirmed
0001469510-2015,0001469510,2015,Extended_Candidate,0001564590-16-014121,ambiguous_primary_statement_revenue_concept_not_admissible,ambiguous,primary_statement_revenue_concept_not_admissible,,,,,,,,False,0001564590-16-014121,PASS_fail_closed_no_value
0001471458-2012,0001471458,2012,Retail,0001193125-13-140243,ambiguous_primary_statement_revenue_fact_context_not_confirmed,ambiguous,primary_statement_revenue_fact_context_not_confirmed,,,,,,,,False,0001193125-13-140243,PASS_fail_closed_no_value
0001482541-2012,0001482541,2012,Extended_Candidate,0001393905-13-000170,ambiguous_primary_statement_revenue_fact_context_not_confirmed,ambiguous,primary_statement_revenue_fact_context_not_confirmed,,,,,,,,False,0001393905-13-000170,PASS_fail_closed_no_value
0001482541-2014,0001482541,2014,Extended_Candidate,0001493152-15-001473,largest_revenue_change,selected,primary_statement_consolidated_revenue_confirmed,Revenues,R4.htm,Revenue,us-gaap:Revenues,1838912.0,2014-12-31,1838912.0,True,0001493152-15-001473,PASS_primary_statement_value_confirmed
0001487712-2021,0001487712,2021,Extended_Candidate,0001628280-22-003016,available_year_2021,selected,primary_statement_consolidated_revenue_confirmed,Revenues,R5.htm,Total revenues,us-gaap:Revenues,2088389000.0,2021-12-31,2088389000.0,True,0001628280-22-003016,PASS_primary_statement_value_confirmed
0001524025-2019,0001524025,2019,Retail,0001628280-20-004436,available_year_2019,selected,primary_statement_consolidated_revenue_confirmed,RevenueFromContractWithCustomerIncludingAssessedTax,R4.htm,Net sales,us-gaap:RevenueFromContractWithCustomerIncludingAssessedTax,619300000.0,2020-02-01,619300000.0,True,0001628280-20-004436,PASS_primary_statement_value_confirmed
0001562151-2018,0001562151,2018,Industrials_Manufacturing,0001562151-19-000011,available_year_2018,selected,primary_statement_consolidated_revenue_confirmed,RevenueFromContractWithCustomerExcludingAssessedTax,R4.htm,Net sales,us-gaap:RevenueFromContractWithCustomerExcludingAssessedTax,67766000.0,2018-12-31,67766000.0,True,0001562151-19-000011,PASS_primary_statement_value_confirmed
0001562733-2015,0001562733,2015,Industrials_Manufacturing,0001493152-16-008381,largest_revenue_change,selected,primary_statement_consolidated_revenue_confirmed,Revenues,R4.htm,Revenue,us-gaap:Revenues,13456377.0,2015-12-31,13456377.0,True,0001493152-16-008381,PASS_primary_statement_value_confirmed
0001589149-2021,0001589149,2021,Extended_Candidate,0001493152-22-009893,largest_revenue_change,selected,primary_statement_consolidated_revenue_confirmed,Revenues,R4.htm,Revenues,us-gaap:Revenues,8098036.0,2021-12-31,8098036.0,True,0001493152-22-009893,PASS_primary_statement_value_confirmed
0001595974-2018,0001595974,2018,Technology,0001595974-19-000043,ambiguous_exact_anchor_annual_current_context_unresolved,ambiguous,exact_anchor_annual_current_context_unresolved,,,,,,,,False,0001595974-19-000043,PASS_fail_closed_no_value
0001607962-2019,0001607962,2019,Industrials_Manufacturing,0001213900-20-004363,available_year_2019,selected,primary_statement_consolidated_revenue_confirmed,Revenues,R4.htm,Revenues,us-gaap:Revenues,4873000.0,2019-12-31,4873000.0,True,0001213900-20-004363,PASS_primary_statement_value_confirmed
0001608430-2017,0001608430,2017,Industrials_Manufacturing,0001477932-18-000483,distinct_tag_label_pair,selected,primary_statement_consolidated_revenue_confirmed,Revenues,R4.htm,Revenues (Note 5),us-gaap:Revenues,730593.0,2017-09-30,730593.0,True,0001477932-18-000483,PASS_primary_statement_value_confirmed
0001615999-2018,0001615999,2018,Industrials_Manufacturing,0001078782-19-000306,distinct_tag_label_pair,selected,primary_statement_consolidated_revenue_confirmed,Revenues,R4.htm,TOTAL NET REVENUES,us-gaap:Revenues,173889.0,2018-12-31,173889.0,True,0001078782-19-000306,PASS_primary_statement_value_confirmed
0001726822-2022,0001726822,2022,Industrials_Manufacturing,0001829126-23-001983,largest_revenue_change,selected,primary_statement_consolidated_revenue_confirmed,Revenues,R4.htm,"Revenue, net",us-gaap:Revenues,296597.0,2022-12-31,296597.0,True,0001829126-23-001983,PASS_primary_statement_value_confirmed
0001756640-2019,0001756640,2019,Technology,0001493152-20-008301,largest_revenue_change,selected,primary_statement_consolidated_revenue_confirmed,RevenueFromContractWithCustomerExcludingAssessedTax,R4.htm,REVENUE,us-gaap:RevenueFromContractWithCustomerExcludingAssessedTax,5534822.0,2019-12-31,5534822.0,True,0001493152-20-008301,PASS_primary_statement_value_confirmed
0001766352-2020,0001766352,2020,Technology,0001553350-21-000027,largest_revenue_change,selected,primary_statement_consolidated_revenue_confirmed,Revenues,R4.htm,Revenue,us-gaap:Revenues,5143430.0,2020-09-30,5143430.0,True,0001553350-21-000027,PASS_primary_statement_value_confirmed
0001794905-2022,0001794905,2022,Technology,0001794905-23-000010,available_year_2022,selected,primary_statement_consolidated_revenue_confirmed,RevenueFromContractWithCustomerExcludingAssessedTax,R5.htm,Revenues,us-gaap:RevenueFromContractWithCustomerExcludingAssessedTax,746000000.0,2022-12-31,746000000.0,True,0001794905-23-000010,PASS_primary_statement_value_confirmed
