kind,name,stage,status,reason,observations
feature,accruals_to_assets_t,derived,available,validated_exact_anchor_feature,48976
feature,accruals_to_assets_t,derived,not_available_non_xbrl,frozen_universe_anchor_has_no_xbrl_submission,3697
feature,accruals_to_assets_t,derived,missing,single_period_primitive_missing,2024
feature,accruals_to_assets_t,derived,ambiguous,single_period_context_ambiguous,1147
feature,accruals_to_assets_t,derived,not_computable,nonpositive_denominator:assets,405
feature,accruals_to_assets_t,derived,missing,exact_anchor_companyfacts_records_unavailable,236
feature,accruals_to_assets_t,derived,not_available_non_xbrl,separate_statement_scope_not_tagged_in_joint_xbrl_instance,230
feature,accruals_to_assets_t,derived,ambiguous,exact_anchor_annual_current_context_unresolved,171
feature,accruals_to_assets_t,derived,ambiguous,frozen_and_xbrl_period_end_materially_disagree,14
feature,accruals_to_assets_t,derived,ambiguous,manual_primary_statement_sign_review:liabilities_and_equity_tag_attached_to_equity_deficit_line,2
feature,accruals_to_assets_t,derived,ambiguous,manual_primary_statement_sign_review:negative_asset_presentation_not_economically_resolved,1
feature,asset_growth_1y,derived,available,validated_exact_anchor_feature,46603
feature,asset_growth_1y,derived,missing,primitive_not_reported_for_both_periods,4372
feature,asset_growth_1y,derived,not_available_non_xbrl,frozen_universe_anchor_has_no_xbrl_submission,3697
feature,asset_growth_1y,derived,ambiguous,transition_or_nonannual_comparative_gap,767
feature,asset_growth_1y,derived,not_computable,nonpositive_denominator:comparative_assets,503
feature,asset_growth_1y,derived,missing,exact_anchor_companyfacts_records_unavailable,236
feature,asset_growth_1y,derived,not_available_non_xbrl,separate_statement_scope_not_tagged_in_joint_xbrl_instance,230
feature,asset_growth_1y,derived,not_computable,economic_domain_condition_not_met,187
feature,asset_growth_1y,derived,ambiguous,exact_anchor_annual_current_context_unresolved,171
feature,asset_growth_1y,derived,missing,comparative_period_end_unresolved,120
feature,asset_growth_1y,derived,ambiguous,frozen_and_xbrl_period_end_materially_disagree,14
feature,asset_growth_1y,derived,ambiguous,manual_primary_statement_sign_review:liabilities_and_equity_tag_attached_to_equity_deficit_line,2
feature,asset_growth_1y,derived,ambiguous,manual_primary_statement_sign_review:negative_asset_presentation_not_economically_resolved,1
feature,asset_turnover_t,derived,available,validated_exact_anchor_feature,29880
feature,asset_turnover_t,derived,missing,primitive_not_reported_for_required_periods,7467
feature,asset_turnover_t,derived,ambiguous,multiple_primary_statement_revenue_rows,6219
feature,asset_turnover_t,derived,ambiguous,primary_statement_revenue_not_confirmed,4470
feature,asset_turnover_t,derived,not_available_non_xbrl,frozen_universe_anchor_has_no_xbrl_submission,3697
feature,asset_turnover_t,derived,ambiguous,primary_statement_revenue_annual_values_not_confirmed,2727
feature,asset_turnover_t,derived,ambiguous,component_revenue_without_confirmed_consolidated_total,572
feature,asset_turnover_t,derived,ambiguous,primary_statement_revenue_fact_context_not_confirmed,554
feature,asset_turnover_t,derived,missing,primitive_not_reported_for_required_periods;single_period_primitive_missing,348
feature,asset_turnover_t,derived,missing,exact_anchor_companyfacts_records_unavailable,236
feature,asset_turnover_t,derived,not_available_non_xbrl,separate_statement_scope_not_tagged_in_joint_xbrl_instance,230
feature,asset_turnover_t,derived,ambiguous,exact_anchor_annual_current_context_unresolved,171
feature,asset_turnover_t,derived,not_computable,nonpositive_denominator:assets,135
feature,asset_turnover_t,derived,ambiguous,primary_statement_revenue_concept_not_admissible,119
feature,asset_turnover_t,derived,missing,single_period_primitive_missing,31
feature,asset_turnover_t,derived,ambiguous,component_revenue_without_absent_complement,29
feature,asset_turnover_t,derived,ambiguous,frozen_and_xbrl_period_end_materially_disagree,14
feature,asset_turnover_t,derived,ambiguous,manual_primary_statement_sign_review:liabilities_and_equity_tag_attached_to_equity_deficit_line,2
feature,asset_turnover_t,derived,ambiguous,manual_primary_statement_sign_review:negative_asset_presentation_not_economically_resolved,1
feature,asset_turnover_t,derived,ambiguous,primary_statement_evidence_unavailable,1
feature,current_ratio_change_1y,derived,available,validated_exact_anchor_feature,43878
feature,current_ratio_change_1y,derived,missing,primitive_not_reported_for_both_periods,7520
feature,current_ratio_change_1y,derived,not_available_non_xbrl,frozen_universe_anchor_has_no_xbrl_submission,3697
feature,current_ratio_change_1y,derived,ambiguous,transition_or_nonannual_comparative_gap,766
feature,current_ratio_change_1y,derived,missing,exact_anchor_companyfacts_records_unavailable,236
feature,current_ratio_change_1y,derived,not_available_non_xbrl,separate_statement_scope_not_tagged_in_joint_xbrl_instance,230
feature,current_ratio_change_1y,derived,not_computable,nonpositive_denominator:comparative_current_assets,210
feature,current_ratio_change_1y,derived,ambiguous,exact_anchor_annual_current_context_unresolved,171
feature,current_ratio_change_1y,derived,missing,comparative_period_end_unresolved,120
feature,current_ratio_change_1y,derived,not_computable,nonpositive_denominator:comparative_current_liabilities,19
feature,current_ratio_change_1y,derived,ambiguous,frozen_and_xbrl_period_end_materially_disagree,14
feature,current_ratio_change_1y,derived,not_computable,nonpositive_denominator:comparative_current_liabilities;comparative_current_assets,13
feature,current_ratio_change_1y,derived,not_computable,nonpositive_denominator:current_current_liabilities;comparative_current_liabilities;comparative_current_assets,11
feature,current_ratio_change_1y,derived,not_computable,nonpositive_denominator:current_current_liabilities,8
feature,current_ratio_change_1y,derived,not_computable,nonpositive_denominator:current_current_liabilities;comparative_current_liabilities,4
feature,current_ratio_change_1y,derived,ambiguous,manual_primary_statement_sign_review:negative_current_assets_presentation_not_economically_resolved,3
feature,current_ratio_change_1y,derived,ambiguous,manual_primary_statement_sign_review:xbrl_sign_disagrees_with_primary_statement,1
feature,current_ratio_change_1y,derived,ambiguous,manual_primary_statement_sign_review:xbrl_sign_disagrees_with_primary_statement;transition_or_nonannual_comparative_gap,1
feature,current_ratio_change_1y,derived,not_computable,nonpositive_denominator:current_current_liabilities;comparative_current_assets,1
feature,current_ratio_t,derived,available,validated_exact_anchor_feature,48941
feature,current_ratio_t,derived,not_available_non_xbrl,frozen_universe_anchor_has_no_xbrl_submission,3697
feature,current_ratio_t,derived,missing,single_period_primitive_missing,3582
feature,current_ratio_t,derived,missing,exact_anchor_companyfacts_records_unavailable,236
feature,current_ratio_t,derived,not_available_non_xbrl,separate_statement_scope_not_tagged_in_joint_xbrl_instance,230
feature,current_ratio_t,derived,ambiguous,exact_anchor_annual_current_context_unresolved,171
feature,current_ratio_t,derived,not_computable,nonpositive_denominator:current_liabilities,27
feature,current_ratio_t,derived,ambiguous,frozen_and_xbrl_period_end_materially_disagree,14
feature,current_ratio_t,derived,ambiguous,manual_primary_statement_sign_review:negative_current_assets_presentation_not_economically_resolved,3
feature,current_ratio_t,derived,ambiguous,manual_primary_statement_sign_review:xbrl_sign_disagrees_with_primary_statement,2
feature,delta_liabilities_to_assets_1y,derived,available,validated_exact_anchor_feature,45991
feature,delta_liabilities_to_assets_1y,derived,missing,primitive_not_reported_for_both_periods,4063
feature,delta_liabilities_to_assets_1y,derived,not_available_non_xbrl,frozen_universe_anchor_has_no_xbrl_submission,3697
feature,delta_liabilities_to_assets_1y,derived,ambiguous,no_common_semantic_strategy,924
feature,delta_liabilities_to_assets_1y,derived,ambiguous,transition_or_nonannual_comparative_gap,767
feature,delta_liabilities_to_assets_1y,derived,not_computable,nonpositive_denominator:current_assets;comparative_assets,296
feature,delta_liabilities_to_assets_1y,derived,missing,exact_anchor_companyfacts_records_unavailable,236
feature,delta_liabilities_to_assets_1y,derived,not_available_non_xbrl,separate_statement_scope_not_tagged_in_joint_xbrl_instance,230
feature,delta_liabilities_to_assets_1y,derived,not_computable,nonpositive_denominator:comparative_assets,192
feature,delta_liabilities_to_assets_1y,derived,not_computable,nonpositive_denominator:current_assets,183
feature,delta_liabilities_to_assets_1y,derived,ambiguous,exact_anchor_annual_current_context_unresolved,171
feature,delta_liabilities_to_assets_1y,derived,missing,comparative_period_end_unresolved,120
feature,delta_liabilities_to_assets_1y,derived,ambiguous,frozen_and_xbrl_period_end_materially_disagree,14
feature,delta_liabilities_to_assets_1y,derived,ambiguous,manual_primary_statement_sign_review:liabilities_tag_attached_to_equity_deficit_line,10
feature,delta_liabilities_to_assets_1y,derived,ambiguous,higher_priority_context_ambiguous,4
feature,delta_liabilities_to_assets_1y,derived,ambiguous,manual_primary_statement_sign_review:liabilities_and_equity_tag_attached_to_equity_deficit_line,2
feature,delta_liabilities_to_assets_1y,derived,ambiguous,manual_primary_statement_sign_review:negative_asset_presentation_not_economically_resolved,1
feature,delta_liabilities_to_assets_1y,derived,ambiguous,manual_primary_statement_sign_review:non_balance_sheet_liabilities_assumed_context_selected,1
feature,delta_liabilities_to_assets_1y,derived,ambiguous,manual_primary_statement_sign_review:xbrl_sign_disagrees_with_primary_statement,1
feature,delta_ocf_to_assets_1y,derived,available,validated_exact_anchor_feature,44804
feature,delta_ocf_to_assets_1y,derived,missing,primitive_not_reported_for_both_periods,4782
feature,delta_ocf_to_assets_1y,derived,not_available_non_xbrl,frozen_universe_anchor_has_no_xbrl_submission,3697
feature,delta_ocf_to_assets_1y,derived,ambiguous,no_common_semantic_strategy,1558
feature,delta_ocf_to_assets_1y,derived,ambiguous,transition_or_nonannual_comparative_gap,767
feature,delta_ocf_to_assets_1y,derived,missing,exact_anchor_companyfacts_records_unavailable,236
feature,delta_ocf_to_assets_1y,derived,not_available_non_xbrl,separate_statement_scope_not_tagged_in_joint_xbrl_instance,230
feature,delta_ocf_to_assets_1y,derived,not_computable,nonpositive_denominator:current_assets;comparative_assets,205
feature,delta_ocf_to_assets_1y,derived,ambiguous,exact_anchor_annual_current_context_unresolved,171
feature,delta_ocf_to_assets_1y,derived,not_computable,nonpositive_denominator:current_assets,170
feature,delta_ocf_to_assets_1y,derived,not_computable,nonpositive_denominator:comparative_assets,146
feature,delta_ocf_to_assets_1y,derived,missing,comparative_period_end_unresolved,120
feature,delta_ocf_to_assets_1y,derived,ambiguous,frozen_and_xbrl_period_end_materially_disagree,14
feature,delta_ocf_to_assets_1y,derived,ambiguous,manual_primary_statement_sign_review:liabilities_and_equity_tag_attached_to_equity_deficit_line,2
feature,delta_ocf_to_assets_1y,derived,ambiguous,manual_primary_statement_sign_review:negative_asset_presentation_not_economically_resolved,1
feature,delta_roa_1y,derived,available,validated_exact_anchor_feature,43945
feature,delta_roa_1y,derived,missing,primitive_not_reported_for_both_periods,5354
feature,delta_roa_1y,derived,not_available_non_xbrl,frozen_universe_anchor_has_no_xbrl_submission,3697
feature,delta_roa_1y,derived,ambiguous,no_common_semantic_strategy,1631
feature,delta_roa_1y,derived,ambiguous,transition_or_nonannual_comparative_gap,767
feature,delta_roa_1y,derived,not_computable,nonpositive_denominator:current_assets;comparative_assets,274
feature,delta_roa_1y,derived,missing,exact_anchor_companyfacts_records_unavailable,236
feature,delta_roa_1y,derived,not_available_non_xbrl,separate_statement_scope_not_tagged_in_joint_xbrl_instance,230
feature,delta_roa_1y,derived,not_computable,nonpositive_denominator:current_assets,178
feature,delta_roa_1y,derived,ambiguous,exact_anchor_annual_current_context_unresolved,171
feature,delta_roa_1y,derived,not_computable,nonpositive_denominator:comparative_assets,162
feature,delta_roa_1y,derived,ambiguous,higher_priority_context_ambiguous,121
feature,delta_roa_1y,derived,missing,comparative_period_end_unresolved,120
feature,delta_roa_1y,derived,ambiguous,frozen_and_xbrl_period_end_materially_disagree,14
feature,delta_roa_1y,derived,ambiguous,manual_primary_statement_sign_review:liabilities_and_equity_tag_attached_to_equity_deficit_line,2
feature,delta_roa_1y,derived,ambiguous,manual_primary_statement_sign_review:negative_asset_presentation_not_economically_resolved,1
feature,liabilities_to_assets_t,derived,available,validated_exact_anchor_feature,51004
feature,liabilities_to_assets_t,derived,not_available_non_xbrl,frozen_universe_anchor_has_no_xbrl_submission,3697
feature,liabilities_to_assets_t,derived,missing,single_period_primitive_missing,954
feature,liabilities_to_assets_t,derived,not_computable,nonpositive_denominator:assets,504
feature,liabilities_to_assets_t,derived,missing,exact_anchor_companyfacts_records_unavailable,236
feature,liabilities_to_assets_t,derived,not_available_non_xbrl,separate_statement_scope_not_tagged_in_joint_xbrl_instance,230
feature,liabilities_to_assets_t,derived,ambiguous,exact_anchor_annual_current_context_unresolved,171
feature,liabilities_to_assets_t,derived,ambiguous,single_period_context_ambiguous,78
feature,liabilities_to_assets_t,derived,ambiguous,frozen_and_xbrl_period_end_materially_disagree,14
feature,liabilities_to_assets_t,derived,ambiguous,manual_primary_statement_sign_review:liabilities_tag_attached_to_equity_deficit_line,10
feature,liabilities_to_assets_t,derived,ambiguous,manual_primary_statement_sign_review:liabilities_and_equity_tag_attached_to_equity_deficit_line,2
feature,liabilities_to_assets_t,derived,ambiguous,manual_primary_statement_sign_review:negative_asset_presentation_not_economically_resolved,1
feature,liabilities_to_assets_t,derived,ambiguous,manual_primary_statement_sign_review:non_balance_sheet_liabilities_assumed_context_selected,1
feature,liabilities_to_assets_t,derived,ambiguous,manual_primary_statement_sign_review:xbrl_sign_disagrees_with_primary_statement,1
feature,log1p_revenues_t,derived,available,validated_exact_anchor_feature,30044
feature,log1p_revenues_t,derived,missing,primitive_not_reported_for_required_periods,7815
feature,log1p_revenues_t,derived,ambiguous,multiple_primary_statement_revenue_rows,6219
feature,log1p_revenues_t,derived,ambiguous,primary_statement_revenue_not_confirmed,4470
feature,log1p_revenues_t,derived,not_available_non_xbrl,frozen_universe_anchor_has_no_xbrl_submission,3697
feature,log1p_revenues_t,derived,ambiguous,primary_statement_revenue_annual_values_not_confirmed,2727
feature,log1p_revenues_t,derived,ambiguous,component_revenue_without_confirmed_consolidated_total,572
feature,log1p_revenues_t,derived,ambiguous,primary_statement_revenue_fact_context_not_confirmed,554
feature,log1p_revenues_t,derived,missing,exact_anchor_companyfacts_records_unavailable,236
feature,log1p_revenues_t,derived,not_available_non_xbrl,separate_statement_scope_not_tagged_in_joint_xbrl_instance,230
feature,log1p_revenues_t,derived,ambiguous,exact_anchor_annual_current_context_unresolved,171
feature,log1p_revenues_t,derived,ambiguous,primary_statement_revenue_concept_not_admissible,119
feature,log1p_revenues_t,derived,ambiguous,component_revenue_without_absent_complement,29
feature,log1p_revenues_t,derived,ambiguous,frozen_and_xbrl_period_end_materially_disagree,14
feature,log1p_revenues_t,derived,not_computable,economic_domain_condition_not_met,5
feature,log1p_revenues_t,derived,ambiguous,primary_statement_evidence_unavailable,1
feature,log_assets_t,derived,available,validated_exact_anchor_feature,51606
feature,log_assets_t,derived,not_available_non_xbrl,frozen_universe_anchor_has_no_xbrl_submission,3697
feature,log_assets_t,derived,not_computable,economic_domain_condition_not_met,510
feature,log_assets_t,derived,missing,single_period_primitive_missing,436
feature,log_assets_t,derived,missing,exact_anchor_companyfacts_records_unavailable,236
feature,log_assets_t,derived,not_available_non_xbrl,separate_statement_scope_not_tagged_in_joint_xbrl_instance,230
feature,log_assets_t,derived,ambiguous,exact_anchor_annual_current_context_unresolved,171
feature,log_assets_t,derived,ambiguous,frozen_and_xbrl_period_end_materially_disagree,14
feature,log_assets_t,derived,ambiguous,manual_primary_statement_sign_review:liabilities_and_equity_tag_attached_to_equity_deficit_line,2
feature,log_assets_t,derived,ambiguous,manual_primary_statement_sign_review:negative_asset_presentation_not_economically_resolved,1
feature,ocf_margin_t,derived,available,validated_exact_anchor_feature,28907
feature,ocf_margin_t,derived,missing,primitive_not_reported_for_required_periods,7229
feature,ocf_margin_t,derived,ambiguous,multiple_primary_statement_revenue_rows,6126
feature,ocf_margin_t,derived,ambiguous,primary_statement_revenue_not_confirmed,4367
feature,ocf_margin_t,derived,not_available_non_xbrl,frozen_universe_anchor_has_no_xbrl_submission,3697
feature,ocf_margin_t,derived,ambiguous,primary_statement_revenue_annual_values_not_confirmed,2639
feature,ocf_margin_t,derived,not_computable,nonpositive_denominator:revenues,1027
feature,ocf_margin_t,derived,ambiguous,component_revenue_without_confirmed_consolidated_total,561
feature,ocf_margin_t,derived,ambiguous,primary_statement_revenue_fact_context_not_confirmed;single_period_context_ambiguous,525
feature,ocf_margin_t,derived,missing,primitive_not_reported_for_required_periods;single_period_primitive_missing,357
feature,ocf_margin_t,derived,ambiguous,single_period_context_ambiguous,236
feature,ocf_margin_t,derived,missing,exact_anchor_companyfacts_records_unavailable,236
feature,ocf_margin_t,derived,not_available_non_xbrl,separate_statement_scope_not_tagged_in_joint_xbrl_instance,230
feature,ocf_margin_t,derived,ambiguous,exact_anchor_annual_current_context_unresolved,171
feature,ocf_margin_t,derived,ambiguous,primary_statement_revenue_concept_not_admissible,118
feature,ocf_margin_t,derived,missing,single_period_primitive_missing,108
feature,ocf_margin_t,derived,ambiguous,primary_statement_revenue_not_confirmed;single_period_context_ambiguous,103
feature,ocf_margin_t,derived,ambiguous,multiple_primary_statement_revenue_rows;single_period_context_ambiguous,93
feature,ocf_margin_t,derived,ambiguous,primary_statement_revenue_annual_values_not_confirmed;single_period_context_ambiguous,88
feature,ocf_margin_t,derived,ambiguous,primary_statement_revenue_fact_context_not_confirmed,29
feature,ocf_margin_t,derived,ambiguous,component_revenue_without_absent_complement,28
feature,ocf_margin_t,derived,ambiguous,frozen_and_xbrl_period_end_materially_disagree,14
feature,ocf_margin_t,derived,ambiguous,component_revenue_without_confirmed_consolidated_total;single_period_context_ambiguous,11
feature,ocf_margin_t,derived,ambiguous,component_revenue_without_absent_complement;single_period_context_ambiguous,1
feature,ocf_margin_t,derived,ambiguous,primary_statement_evidence_unavailable,1
feature,ocf_margin_t,derived,ambiguous,primary_statement_revenue_concept_not_admissible;single_period_context_ambiguous,1
feature,ocf_to_assets_t,derived,available,validated_exact_anchor_feature,50209
feature,ocf_to_assets_t,derived,not_available_non_xbrl,frozen_universe_anchor_has_no_xbrl_submission,3697
feature,ocf_to_assets_t,derived,ambiguous,single_period_context_ambiguous,1058
feature,ocf_to_assets_t,derived,missing,single_period_primitive_missing,878
feature,ocf_to_assets_t,derived,not_computable,nonpositive_denominator:assets,407
feature,ocf_to_assets_t,derived,missing,exact_anchor_companyfacts_records_unavailable,236
feature,ocf_to_assets_t,derived,not_available_non_xbrl,separate_statement_scope_not_tagged_in_joint_xbrl_instance,230
feature,ocf_to_assets_t,derived,ambiguous,exact_anchor_annual_current_context_unresolved,171
feature,ocf_to_assets_t,derived,ambiguous,frozen_and_xbrl_period_end_materially_disagree,14
feature,ocf_to_assets_t,derived,ambiguous,manual_primary_statement_sign_review:liabilities_and_equity_tag_attached_to_equity_deficit_line,2
feature,ocf_to_assets_t,derived,ambiguous,manual_primary_statement_sign_review:negative_asset_presentation_not_economically_resolved,1
feature,profit_margin_t,derived,available,validated_exact_anchor_feature,28180
feature,profit_margin_t,derived,missing,primitive_not_reported_for_required_periods,7365
feature,profit_margin_t,derived,ambiguous,multiple_primary_statement_revenue_rows,6124
feature,profit_margin_t,derived,ambiguous,primary_statement_revenue_not_confirmed,4357
feature,profit_margin_t,derived,not_available_non_xbrl,frozen_universe_anchor_has_no_xbrl_submission,3697
feature,profit_margin_t,derived,ambiguous,primary_statement_revenue_annual_values_not_confirmed,2651
feature,profit_margin_t,derived,not_computable,nonpositive_denominator:revenues,1033
feature,profit_margin_t,derived,missing,single_period_primitive_missing,807
feature,profit_margin_t,derived,ambiguous,component_revenue_without_confirmed_consolidated_total,558
feature,profit_margin_t,derived,ambiguous,primary_statement_revenue_fact_context_not_confirmed;single_period_context_ambiguous,499
feature,profit_margin_t,derived,ambiguous,single_period_context_ambiguous,245
feature,profit_margin_t,derived,missing,exact_anchor_companyfacts_records_unavailable,236
feature,profit_margin_t,derived,missing,primitive_not_reported_for_required_periods;single_period_primitive_missing,234
feature,profit_margin_t,derived,not_available_non_xbrl,separate_statement_scope_not_tagged_in_joint_xbrl_instance,230
feature,profit_margin_t,derived,ambiguous,exact_anchor_annual_current_context_unresolved,171
feature,profit_margin_t,derived,ambiguous,primary_statement_revenue_concept_not_admissible,118
feature,profit_margin_t,derived,ambiguous,primary_statement_revenue_not_confirmed;single_period_context_ambiguous,113
feature,profit_margin_t,derived,ambiguous,multiple_primary_statement_revenue_rows;single_period_context_ambiguous,95
feature,profit_margin_t,derived,ambiguous,primary_statement_revenue_annual_values_not_confirmed;single_period_context_ambiguous,76
feature,profit_margin_t,derived,ambiguous,primary_statement_revenue_fact_context_not_confirmed,55
feature,profit_margin_t,derived,ambiguous,component_revenue_without_absent_complement,28
feature,profit_margin_t,derived,ambiguous,component_revenue_without_confirmed_consolidated_total;single_period_context_ambiguous,14
feature,profit_margin_t,derived,ambiguous,frozen_and_xbrl_period_end_materially_disagree,14
feature,profit_margin_t,derived,ambiguous,component_revenue_without_absent_complement;single_period_context_ambiguous,1
feature,profit_margin_t,derived,ambiguous,primary_statement_evidence_unavailable,1
feature,profit_margin_t,derived,ambiguous,primary_statement_revenue_concept_not_admissible;single_period_context_ambiguous,1
feature,revenue_growth_1y,derived,available,validated_exact_anchor_feature,25345
feature,revenue_growth_1y,derived,missing,primitive_not_reported_for_both_periods,12366
feature,revenue_growth_1y,derived,ambiguous,multiple_primary_statement_revenue_rows,5648
feature,revenue_growth_1y,derived,ambiguous,primary_statement_revenue_not_confirmed,3851
feature,revenue_growth_1y,derived,not_available_non_xbrl,frozen_universe_anchor_has_no_xbrl_submission,3697
feature,revenue_growth_1y,derived,ambiguous,primary_statement_revenue_annual_values_not_confirmed,2188
feature,revenue_growth_1y,derived,not_computable,nonpositive_denominator:comparative_revenues,1077
feature,revenue_growth_1y,derived,ambiguous,transition_or_nonannual_comparative_gap,767
feature,revenue_growth_1y,derived,ambiguous,primary_statement_revenue_fact_context_not_confirmed,551
feature,revenue_growth_1y,derived,ambiguous,component_revenue_without_confirmed_consolidated_total,500
feature,revenue_growth_1y,derived,missing,exact_anchor_companyfacts_records_unavailable,236
feature,revenue_growth_1y,derived,not_available_non_xbrl,separate_statement_scope_not_tagged_in_joint_xbrl_instance,230
feature,revenue_growth_1y,derived,ambiguous,exact_anchor_annual_current_context_unresolved,171
feature,revenue_growth_1y,derived,missing,comparative_period_end_unresolved,120
feature,revenue_growth_1y,derived,ambiguous,primary_statement_revenue_concept_not_admissible,112
feature,revenue_growth_1y,derived,ambiguous,component_revenue_without_absent_complement,25
feature,revenue_growth_1y,derived,ambiguous,frozen_and_xbrl_period_end_materially_disagree,14
feature,revenue_growth_1y,derived,not_computable,economic_domain_condition_not_met,4
feature,revenue_growth_1y,derived,ambiguous,primary_statement_evidence_unavailable,1
feature,roa_t,derived,available,validated_exact_anchor_feature,49301
feature,roa_t,derived,not_available_non_xbrl,frozen_universe_anchor_has_no_xbrl_submission,3697
feature,roa_t,derived,missing,single_period_primitive_missing,1732
feature,roa_t,derived,ambiguous,single_period_context_ambiguous,1044
feature,roa_t,derived,not_computable,nonpositive_denominator:assets,475
feature,roa_t,derived,missing,exact_anchor_companyfacts_records_unavailable,236
feature,roa_t,derived,not_available_non_xbrl,separate_statement_scope_not_tagged_in_joint_xbrl_instance,230
feature,roa_t,derived,ambiguous,exact_anchor_annual_current_context_unresolved,171
feature,roa_t,derived,ambiguous,frozen_and_xbrl_period_end_materially_disagree,14
feature,roa_t,derived,ambiguous,manual_primary_statement_sign_review:liabilities_and_equity_tag_attached_to_equity_deficit_line,2
feature,roa_t,derived,ambiguous,manual_primary_statement_sign_review:negative_asset_presentation_not_economically_resolved,1
feature,working_capital_to_assets_t,derived,available,validated_exact_anchor_feature,48761
feature,working_capital_to_assets_t,derived,not_available_non_xbrl,frozen_universe_anchor_has_no_xbrl_submission,3697
feature,working_capital_to_assets_t,derived,missing,single_period_primitive_missing,3591
feature,working_capital_to_assets_t,derived,missing,exact_anchor_companyfacts_records_unavailable,236
feature,working_capital_to_assets_t,derived,not_available_non_xbrl,separate_statement_scope_not_tagged_in_joint_xbrl_instance,230
feature,working_capital_to_assets_t,derived,not_computable,nonpositive_denominator:assets,196
feature,working_capital_to_assets_t,derived,ambiguous,exact_anchor_annual_current_context_unresolved,171
feature,working_capital_to_assets_t,derived,ambiguous,frozen_and_xbrl_period_end_materially_disagree,14
feature,working_capital_to_assets_t,derived,ambiguous,manual_primary_statement_sign_review:liabilities_and_equity_tag_attached_to_equity_deficit_line,2
feature,working_capital_to_assets_t,derived,ambiguous,manual_primary_statement_sign_review:negative_current_assets_presentation_not_economically_resolved,2
feature,working_capital_to_assets_t,derived,ambiguous,manual_primary_statement_sign_review:xbrl_sign_disagrees_with_primary_statement,2
feature,working_capital_to_assets_t,derived,ambiguous,manual_primary_statement_sign_review:negative_asset_presentation_not_economically_resolved;manual_primary_statement_sign_review:negative_current_assets_presentation_not_economically_resolved,1
primitive,assets,current,selected,exact_validated_context,52116
primitive,assets,current,not_available_non_xbrl,frozen_universe_anchor_has_no_xbrl_submission,3697
primitive,assets,current,missing,single_period_primitive_missing,436
primitive,assets,current,missing,exact_anchor_companyfacts_records_unavailable,236
primitive,assets,current,not_available_non_xbrl,separate_statement_scope_not_tagged_in_joint_xbrl_instance,230
primitive,assets,current,ambiguous,exact_anchor_annual_current_context_unresolved,171
primitive,assets,current,ambiguous,frozen_and_xbrl_period_end_materially_disagree,14
primitive,assets,current,ambiguous,manual_primary_statement_sign_review:liabilities_and_equity_tag_attached_to_equity_deficit_line,2
primitive,assets,current,ambiguous,manual_primary_statement_sign_review:negative_asset_presentation_not_economically_resolved,1
primitive,assets,pair,selected,same_validated_strategy_both_periods,47293
primitive,assets,pair,missing,primitive_not_reported_for_both_periods,4372
primitive,assets,pair,not_available_non_xbrl,frozen_universe_anchor_has_no_xbrl_submission,3697
primitive,assets,pair,ambiguous,transition_or_nonannual_comparative_gap,767
primitive,assets,pair,missing,exact_anchor_companyfacts_records_unavailable,236
primitive,assets,pair,not_available_non_xbrl,separate_statement_scope_not_tagged_in_joint_xbrl_instance,230
primitive,assets,pair,ambiguous,exact_anchor_annual_current_context_unresolved,171
primitive,assets,pair,missing,comparative_period_end_unresolved,120
primitive,assets,pair,ambiguous,frozen_and_xbrl_period_end_materially_disagree,14
primitive,assets,pair,ambiguous,manual_primary_statement_sign_review:liabilities_and_equity_tag_attached_to_equity_deficit_line,2
primitive,assets,pair,ambiguous,manual_primary_statement_sign_review:negative_asset_presentation_not_economically_resolved,1
primitive,current_assets,current,selected,exact_validated_context,49968
primitive,current_assets,current,not_available_non_xbrl,frozen_universe_anchor_has_no_xbrl_submission,3697
primitive,current_assets,current,missing,single_period_primitive_missing,2584
primitive,current_assets,current,missing,exact_anchor_companyfacts_records_unavailable,236
primitive,current_assets,current,not_available_non_xbrl,separate_statement_scope_not_tagged_in_joint_xbrl_instance,230
primitive,current_assets,current,ambiguous,exact_anchor_annual_current_context_unresolved,171
primitive,current_assets,current,ambiguous,frozen_and_xbrl_period_end_materially_disagree,14
primitive,current_assets,current,ambiguous,manual_primary_statement_sign_review:negative_current_assets_presentation_not_economically_resolved,3
primitive,current_assets,pair,selected,same_validated_strategy_both_periods,45145
primitive,current_assets,pair,missing,primitive_not_reported_for_both_periods,6520
primitive,current_assets,pair,not_available_non_xbrl,frozen_universe_anchor_has_no_xbrl_submission,3697
primitive,current_assets,pair,ambiguous,transition_or_nonannual_comparative_gap,767
primitive,current_assets,pair,missing,exact_anchor_companyfacts_records_unavailable,236
primitive,current_assets,pair,not_available_non_xbrl,separate_statement_scope_not_tagged_in_joint_xbrl_instance,230
primitive,current_assets,pair,ambiguous,exact_anchor_annual_current_context_unresolved,171
primitive,current_assets,pair,missing,comparative_period_end_unresolved,120
primitive,current_assets,pair,ambiguous,frozen_and_xbrl_period_end_materially_disagree,14
primitive,current_assets,pair,ambiguous,manual_primary_statement_sign_review:negative_current_assets_presentation_not_economically_resolved,3
primitive,current_liabilities,current,selected,exact_validated_context,49899
primitive,current_liabilities,current,not_available_non_xbrl,frozen_universe_anchor_has_no_xbrl_submission,3697
primitive,current_liabilities,current,missing,single_period_primitive_missing,2654
primitive,current_liabilities,current,missing,exact_anchor_companyfacts_records_unavailable,236
primitive,current_liabilities,current,not_available_non_xbrl,separate_statement_scope_not_tagged_in_joint_xbrl_instance,230
primitive,current_liabilities,current,ambiguous,exact_anchor_annual_current_context_unresolved,171
primitive,current_liabilities,current,ambiguous,frozen_and_xbrl_period_end_materially_disagree,14
primitive,current_liabilities,current,ambiguous,manual_primary_statement_sign_review:xbrl_sign_disagrees_with_primary_statement,2
primitive,current_liabilities,pair,selected,same_validated_strategy_both_periods,45181
primitive,current_liabilities,pair,missing,primitive_not_reported_for_both_periods,6486
primitive,current_liabilities,pair,not_available_non_xbrl,frozen_universe_anchor_has_no_xbrl_submission,3697
primitive,current_liabilities,pair,ambiguous,transition_or_nonannual_comparative_gap,766
primitive,current_liabilities,pair,missing,exact_anchor_companyfacts_records_unavailable,236
primitive,current_liabilities,pair,not_available_non_xbrl,separate_statement_scope_not_tagged_in_joint_xbrl_instance,230
primitive,current_liabilities,pair,ambiguous,exact_anchor_annual_current_context_unresolved,171
primitive,current_liabilities,pair,missing,comparative_period_end_unresolved,120
primitive,current_liabilities,pair,ambiguous,frozen_and_xbrl_period_end_materially_disagree,14
primitive,current_liabilities,pair,ambiguous,manual_primary_statement_sign_review:xbrl_sign_disagrees_with_primary_statement,2
primitive,liabilities,current,selected,exact_validated_context,39559
primitive,liabilities,current,selected,validated_derived_strategy,12174
primitive,liabilities,current,not_available_non_xbrl,frozen_universe_anchor_has_no_xbrl_submission,3697
primitive,liabilities,current,missing,single_period_primitive_missing,732
primitive,liabilities,current,missing,exact_anchor_companyfacts_records_unavailable,236
primitive,liabilities,current,not_available_non_xbrl,separate_statement_scope_not_tagged_in_joint_xbrl_instance,230
primitive,liabilities,current,ambiguous,exact_anchor_annual_current_context_unresolved,171
primitive,liabilities,current,ambiguous,single_period_context_ambiguous,78
primitive,liabilities,current,ambiguous,frozen_and_xbrl_period_end_materially_disagree,14
primitive,liabilities,current,ambiguous,manual_primary_statement_sign_review:liabilities_tag_attached_to_equity_deficit_line,10
primitive,liabilities,current,ambiguous,manual_primary_statement_sign_review:non_balance_sheet_liabilities_assumed_context_selected,1
primitive,liabilities,current,ambiguous,manual_primary_statement_sign_review:xbrl_sign_disagrees_with_primary_statement,1
primitive,liabilities,pair,selected,same_validated_strategy_both_periods,46945
primitive,liabilities,pair,missing,primitive_not_reported_for_both_periods,3781
primitive,liabilities,pair,not_available_non_xbrl,frozen_universe_anchor_has_no_xbrl_submission,3697
primitive,liabilities,pair,ambiguous,no_common_semantic_strategy,924
primitive,liabilities,pair,ambiguous,transition_or_nonannual_comparative_gap,767
primitive,liabilities,pair,missing,exact_anchor_companyfacts_records_unavailable,236
primitive,liabilities,pair,not_available_non_xbrl,separate_statement_scope_not_tagged_in_joint_xbrl_instance,230
primitive,liabilities,pair,ambiguous,exact_anchor_annual_current_context_unresolved,171
primitive,liabilities,pair,missing,comparative_period_end_unresolved,120
primitive,liabilities,pair,ambiguous,frozen_and_xbrl_period_end_materially_disagree,14
primitive,liabilities,pair,ambiguous,manual_primary_statement_sign_review:liabilities_tag_attached_to_equity_deficit_line,10
primitive,liabilities,pair,ambiguous,higher_priority_context_ambiguous,4
primitive,liabilities,pair,selected,controlled_cross_tag_equivalence,2
primitive,liabilities,pair,ambiguous,manual_primary_statement_sign_review:non_balance_sheet_liabilities_assumed_context_selected,1
primitive,liabilities,pair,ambiguous,manual_primary_statement_sign_review:xbrl_sign_disagrees_with_primary_statement,1
primitive,net_income,current,selected,exact_validated_context,50168
primitive,net_income,current,not_available_non_xbrl,frozen_universe_anchor_has_no_xbrl_submission,3697
primitive,net_income,current,missing,single_period_primitive_missing,1343
primitive,net_income,current,ambiguous,single_period_context_ambiguous,1044
primitive,net_income,current,missing,exact_anchor_companyfacts_records_unavailable,236
primitive,net_income,current,not_available_non_xbrl,separate_statement_scope_not_tagged_in_joint_xbrl_instance,230
primitive,net_income,current,ambiguous,exact_anchor_annual_current_context_unresolved,171
primitive,net_income,current,ambiguous,frozen_and_xbrl_period_end_materially_disagree,14
primitive,net_income,pair,selected,same_validated_strategy_both_periods,45069
primitive,net_income,pair,missing,primitive_not_reported_for_both_periods,4847
primitive,net_income,pair,not_available_non_xbrl,frozen_universe_anchor_has_no_xbrl_submission,3697
primitive,net_income,pair,ambiguous,no_common_semantic_strategy,1631
primitive,net_income,pair,ambiguous,transition_or_nonannual_comparative_gap,767
primitive,net_income,pair,missing,exact_anchor_companyfacts_records_unavailable,236
primitive,net_income,pair,not_available_non_xbrl,separate_statement_scope_not_tagged_in_joint_xbrl_instance,230
primitive,net_income,pair,ambiguous,exact_anchor_annual_current_context_unresolved,171
primitive,net_income,pair,ambiguous,higher_priority_context_ambiguous,121
primitive,net_income,pair,missing,comparative_period_end_unresolved,120
primitive,net_income,pair,ambiguous,frozen_and_xbrl_period_end_materially_disagree,14
primitive,operating_cash_flow,current,selected,exact_validated_context,50927
primitive,operating_cash_flow,current,not_available_non_xbrl,frozen_universe_anchor_has_no_xbrl_submission,3697
primitive,operating_cash_flow,current,ambiguous,single_period_context_ambiguous,1058
primitive,operating_cash_flow,current,missing,single_period_primitive_missing,570
primitive,operating_cash_flow,current,missing,exact_anchor_companyfacts_records_unavailable,236
primitive,operating_cash_flow,current,not_available_non_xbrl,separate_statement_scope_not_tagged_in_joint_xbrl_instance,230
primitive,operating_cash_flow,current,ambiguous,exact_anchor_annual_current_context_unresolved,171
primitive,operating_cash_flow,current,ambiguous,frozen_and_xbrl_period_end_materially_disagree,14
primitive,operating_cash_flow,pair,selected,same_validated_strategy_both_periods,45696
primitive,operating_cash_flow,pair,missing,primitive_not_reported_for_both_periods,4414
primitive,operating_cash_flow,pair,not_available_non_xbrl,frozen_universe_anchor_has_no_xbrl_submission,3697
primitive,operating_cash_flow,pair,ambiguous,no_common_semantic_strategy,1558
primitive,operating_cash_flow,pair,ambiguous,transition_or_nonannual_comparative_gap,767
primitive,operating_cash_flow,pair,missing,exact_anchor_companyfacts_records_unavailable,236
primitive,operating_cash_flow,pair,not_available_non_xbrl,separate_statement_scope_not_tagged_in_joint_xbrl_instance,230
primitive,operating_cash_flow,pair,ambiguous,exact_anchor_annual_current_context_unresolved,171
primitive,operating_cash_flow,pair,missing,comparative_period_end_unresolved,120
primitive,operating_cash_flow,pair,ambiguous,frozen_and_xbrl_period_end_materially_disagree,14
primitive,revenues,current,selected,primary_statement_consolidated_revenue_confirmed,30049
primitive,revenues,current,missing,primitive_not_reported_for_required_periods,7815
primitive,revenues,current,ambiguous,multiple_primary_statement_revenue_rows,6219
primitive,revenues,current,ambiguous,primary_statement_revenue_not_confirmed,4470
primitive,revenues,current,not_available_non_xbrl,frozen_universe_anchor_has_no_xbrl_submission,3697
primitive,revenues,current,ambiguous,primary_statement_revenue_annual_values_not_confirmed,2727
primitive,revenues,current,ambiguous,component_revenue_without_confirmed_consolidated_total,572
primitive,revenues,current,ambiguous,primary_statement_revenue_fact_context_not_confirmed,554
primitive,revenues,current,missing,exact_anchor_companyfacts_records_unavailable,236
primitive,revenues,current,not_available_non_xbrl,separate_statement_scope_not_tagged_in_joint_xbrl_instance,230
primitive,revenues,current,ambiguous,exact_anchor_annual_current_context_unresolved,171
primitive,revenues,current,ambiguous,primary_statement_revenue_concept_not_admissible,119
primitive,revenues,current,ambiguous,component_revenue_without_absent_complement,29
primitive,revenues,current,ambiguous,frozen_and_xbrl_period_end_materially_disagree,14
primitive,revenues,current,ambiguous,primary_statement_evidence_unavailable,1
primitive,revenues,pair,selected,primary_statement_consolidated_revenue_confirmed,26426
primitive,revenues,pair,missing,primitive_not_reported_for_both_periods,12366
primitive,revenues,pair,ambiguous,multiple_primary_statement_revenue_rows,5648
primitive,revenues,pair,ambiguous,primary_statement_revenue_not_confirmed,3851
primitive,revenues,pair,not_available_non_xbrl,frozen_universe_anchor_has_no_xbrl_submission,3697
primitive,revenues,pair,ambiguous,primary_statement_revenue_annual_values_not_confirmed,2188
primitive,revenues,pair,ambiguous,transition_or_nonannual_comparative_gap,767
primitive,revenues,pair,ambiguous,primary_statement_revenue_fact_context_not_confirmed,551
primitive,revenues,pair,ambiguous,component_revenue_without_confirmed_consolidated_total,500
primitive,revenues,pair,missing,exact_anchor_companyfacts_records_unavailable,236
primitive,revenues,pair,not_available_non_xbrl,separate_statement_scope_not_tagged_in_joint_xbrl_instance,230
primitive,revenues,pair,ambiguous,exact_anchor_annual_current_context_unresolved,171
primitive,revenues,pair,missing,comparative_period_end_unresolved,120
primitive,revenues,pair,ambiguous,primary_statement_revenue_concept_not_admissible,112
primitive,revenues,pair,ambiguous,component_revenue_without_absent_complement,25
primitive,revenues,pair,ambiguous,frozen_and_xbrl_period_end_materially_disagree,14
primitive,revenues,pair,ambiguous,primary_statement_evidence_unavailable,1
row_or_period,anchor_period,anchor_period,available,exact_frozen_universe_anchor_validated,52555
row_or_period,anchor_period,anchor_period,not_available_non_xbrl,frozen_universe_anchor_has_no_xbrl_submission,3697
row_or_period,anchor_period,anchor_period,missing,exact_anchor_companyfacts_records_unavailable,236
row_or_period,anchor_period,anchor_period,not_available_non_xbrl,separate_statement_scope_not_tagged_in_joint_xbrl_instance,230
row_or_period,anchor_period,anchor_period,ambiguous,exact_anchor_annual_current_context_unresolved,171
row_or_period,anchor_period,anchor_period,ambiguous,frozen_and_xbrl_period_end_materially_disagree,14
row_or_period,comparative_period,comparative_period,available,annual_comparative_period_validated,51668
row_or_period,comparative_period,comparative_period,missing,frozen_universe_anchor_has_no_xbrl_submission,3697
row_or_period,comparative_period,comparative_period,ambiguous,transition_or_nonannual_comparative_gap,767
row_or_period,comparative_period,comparative_period,missing,exact_anchor_companyfacts_records_unavailable,236
row_or_period,comparative_period,comparative_period,missing,separate_statement_scope_not_tagged_in_joint_xbrl_instance,230
row_or_period,comparative_period,comparative_period,ambiguous,exact_anchor_annual_current_context_unresolved,171
row_or_period,comparative_period,comparative_period,missing,comparative_period_end_unresolved,120
row_or_period,comparative_period,comparative_period,ambiguous,frozen_and_xbrl_period_end_materially_disagree,14
row_or_period,row,row,available_core,all_core_level_features_available,45797
row_or_period,row,row,partially_available,at_least_one_feature_available,6086
row_or_period,row,row,not_available_non_xbrl,frozen_universe_anchor_has_no_xbrl_submission,3697
row_or_period,row,row,missing,no_feature_available,727
row_or_period,row,row,ambiguous,no_feature_available_and_ambiguity_present,366
row_or_period,row,row,not_available_non_xbrl,separate_statement_scope_not_tagged_in_joint_xbrl_instance,230
