family,family_label,configuration_id,feature_block,fold_id,year,n,positive_n,positive_share,pr_auc,roc_auc,runtime_seconds,status,identity
dummy_prior,Dummy (prior),model_stage_v1__coarse__dummy_prior__001,BLOCK_AGNOSTIC,fold_2015,2015,2241,506,0.22579205711735834,0.22579205711735834,0.5,2.2586359170381911,COMPLETE,dummy_prior|BLOCK_AGNOSTIC|model_stage_v1__coarse__dummy_prior__001|seed=20260818
dummy_prior,Dummy (prior),model_stage_v1__coarse__dummy_prior__001,BLOCK_AGNOSTIC,fold_2016,2016,2133,351,0.16455696202531644,0.16455696202531644,0.5,1.7061182920006104,COMPLETE,dummy_prior|BLOCK_AGNOSTIC|model_stage_v1__coarse__dummy_prior__001|seed=20260818
dummy_prior,Dummy (prior),model_stage_v1__coarse__dummy_prior__001,BLOCK_AGNOSTIC,fold_2017,2017,1549,257,0.16591349257585539,0.16591349257585539,0.5,1.7053719999967143,COMPLETE,dummy_prior|BLOCK_AGNOSTIC|model_stage_v1__coarse__dummy_prior__001|seed=20260818
dummy_prior,Dummy (prior),model_stage_v1__coarse__dummy_prior__001,BLOCK_AGNOSTIC,fold_2018,2018,1511,327,0.21641297154202516,0.21641297154202516,0.5,1.7345419159973972,COMPLETE,dummy_prior|BLOCK_AGNOSTIC|model_stage_v1__coarse__dummy_prior__001|seed=20260818
dummy_prior,Dummy (prior),model_stage_v1__coarse__dummy_prior__001,BLOCK_AGNOSTIC,fold_2019,2019,1638,326,0.19902319902319901,0.19902319902319901,0.5,1.7116255409782752,COMPLETE,dummy_prior|BLOCK_AGNOSTIC|model_stage_v1__coarse__dummy_prior__001|seed=20260818
dummy_prior,Dummy (prior),model_stage_v1__coarse__dummy_prior__001,BLOCK_AGNOSTIC,fold_2020,2020,1688,219,0.12973933649289099,0.12973933649289099,0.5,2.0886628340231255,COMPLETE,dummy_prior|BLOCK_AGNOSTIC|model_stage_v1__coarse__dummy_prior__001|seed=20260818
fixed_l2_logistic,Regresja logistyczna fixed L2,model_stage_v1__coarse__fixed_l2_logistic__002,L+D+R,fold_2015,2015,2241,506,0.22579205711735834,0.46596792138931786,0.75953229829937008,1.8374144170084037,COMPLETE,fixed_l2_logistic|L+D+R|model_stage_v1__coarse__fixed_l2_logistic__002|seed=20260818
fixed_l2_logistic,Regresja logistyczna fixed L2,model_stage_v1__coarse__fixed_l2_logistic__002,L+D+R,fold_2016,2016,2133,351,0.16455696202531644,0.37980212088451781,0.77154898142552464,1.8391159170423634,COMPLETE,fixed_l2_logistic|L+D+R|model_stage_v1__coarse__fixed_l2_logistic__002|seed=20260818
fixed_l2_logistic,Regresja logistyczna fixed L2,model_stage_v1__coarse__fixed_l2_logistic__002,L+D+R,fold_2017,2017,1549,257,0.16591349257585539,0.40765992552565317,0.77968883641926978,1.846686500008218,COMPLETE,fixed_l2_logistic|L+D+R|model_stage_v1__coarse__fixed_l2_logistic__002|seed=20260818
fixed_l2_logistic,Regresja logistyczna fixed L2,model_stage_v1__coarse__fixed_l2_logistic__002,L+D+R,fold_2018,2018,1511,327,0.21641297154202516,0.38551459830979856,0.69415602529134646,1.8996267910115421,COMPLETE,fixed_l2_logistic|L+D+R|model_stage_v1__coarse__fixed_l2_logistic__002|seed=20260818
fixed_l2_logistic,Regresja logistyczna fixed L2,model_stage_v1__coarse__fixed_l2_logistic__002,L+D+R,fold_2019,2019,1638,326,0.19902319902319901,0.32720323886586145,0.65896444336375881,1.9135400420054793,COMPLETE,fixed_l2_logistic|L+D+R|model_stage_v1__coarse__fixed_l2_logistic__002|seed=20260818
fixed_l2_logistic,Regresja logistyczna fixed L2,model_stage_v1__coarse__fixed_l2_logistic__002,L+D+R,fold_2020,2020,1688,219,0.12973933649289099,0.32935847526164169,0.78943523845936259,1.9665508749894798,COMPLETE,fixed_l2_logistic|L+D+R|model_stage_v1__coarse__fixed_l2_logistic__002|seed=20260818
elastic_net_logistic,Regresja logistyczna Elastic Net,model_stage_v1__coarse__elastic_net_logistic__003,L+D+R,fold_2015,2015,2241,506,0.22579205711735834,0.46540238814521401,0.75848549395723941,1.7684193329769187,COMPLETE,elastic_net_logistic|L+D+R|model_stage_v1__coarse__elastic_net_logistic__003|seed=20260818
elastic_net_logistic,Regresja logistyczna Elastic Net,model_stage_v1__coarse__elastic_net_logistic__003,L+D+R,fold_2016,2016,2133,351,0.16455696202531644,0.39681098467633763,0.77548194832145445,1.8208947500097565,COMPLETE,elastic_net_logistic|L+D+R|model_stage_v1__coarse__elastic_net_logistic__003|seed=20260818
elastic_net_logistic,Regresja logistyczna Elastic Net,model_stage_v1__coarse__elastic_net_logistic__003,L+D+R,fold_2017,2017,1549,257,0.16591349257585539,0.40161373232553443,0.78219452843599047,1.8580765420338139,COMPLETE,elastic_net_logistic|L+D+R|model_stage_v1__coarse__elastic_net_logistic__003|seed=20260818
elastic_net_logistic,Regresja logistyczna Elastic Net,model_stage_v1__coarse__elastic_net_logistic__003,L+D+R,fold_2018,2018,1511,327,0.21641297154202516,0.38664218089855529,0.69840224398710626,2.0081845829845406,COMPLETE,elastic_net_logistic|L+D+R|model_stage_v1__coarse__elastic_net_logistic__003|seed=20260818
elastic_net_logistic,Regresja logistyczna Elastic Net,model_stage_v1__coarse__elastic_net_logistic__003,L+D+R,fold_2019,2019,1638,326,0.19902319902319901,0.32763739109860412,0.66057066437228795,1.9086818749783561,COMPLETE,elastic_net_logistic|L+D+R|model_stage_v1__coarse__elastic_net_logistic__003|seed=20260818
elastic_net_logistic,Regresja logistyczna Elastic Net,model_stage_v1__coarse__elastic_net_logistic__003,L+D+R,fold_2020,2020,1688,219,0.12973933649289099,0.31836519333034929,0.78706976136967643,1.9292423329898156,COMPLETE,elastic_net_logistic|L+D+R|model_stage_v1__coarse__elastic_net_logistic__003|seed=20260818
rbf_svm,SVM RBF,model_stage_v1__coarse__rbf_svm__004,L+D+R,fold_2015,2015,2241,506,0.22579205711735834,0.51277614215668099,0.77857297445068419,3.1663432919885963,COMPLETE,rbf_svm|L+D+R|model_stage_v1__coarse__rbf_svm__004|seed=20260818
rbf_svm,SVM RBF,model_stage_v1__coarse__rbf_svm__004,L+D+R,fold_2016,2016,2133,351,0.16455696202531644,0.396431376656187,0.76093636587463753,4.3718739579780959,COMPLETE,rbf_svm|L+D+R|model_stage_v1__coarse__rbf_svm__004|seed=20260818
rbf_svm,SVM RBF,model_stage_v1__coarse__rbf_svm__004,L+D+R,fold_2017,2017,1549,257,0.16591349257585539,0.42774446709266378,0.77856850296948577,5.2537008340004832,COMPLETE,rbf_svm|L+D+R|model_stage_v1__coarse__rbf_svm__004|seed=20260818
rbf_svm,SVM RBF,model_stage_v1__coarse__rbf_svm__004,L+D+R,fold_2018,2018,1511,327,0.21641297154202516,0.39793472263454926,0.69569540871146385,6.7940059999818914,COMPLETE,rbf_svm|L+D+R|model_stage_v1__coarse__rbf_svm__004|seed=20260818
rbf_svm,SVM RBF,model_stage_v1__coarse__rbf_svm__004,L+D+R,fold_2019,2019,1638,326,0.19902319902319901,0.3164785808861027,0.65693737842286404,7.8820912500377744,COMPLETE,rbf_svm|L+D+R|model_stage_v1__coarse__rbf_svm__004|seed=20260818
rbf_svm,SVM RBF,model_stage_v1__coarse__rbf_svm__004,L+D+R,fold_2020,2020,1688,219,0.12973933649289099,0.34321272510224554,0.76566234912701148,9.56029741599923,COMPLETE,rbf_svm|L+D+R|model_stage_v1__coarse__rbf_svm__004|seed=20260818
hist_gradient_boosting,HistGradientBoosting,model_stage_v1__coarse__hist_gradient_boosting__007,L+D+R,fold_2015,2015,2241,506,0.22579205711735834,0.50813095701247279,0.79909785741135198,2.3082653330056928,COMPLETE,hist_gradient_boosting|L+D+R|model_stage_v1__coarse__hist_gradient_boosting__007|seed=20260818
hist_gradient_boosting,HistGradientBoosting,model_stage_v1__coarse__hist_gradient_boosting__007,L+D+R,fold_2016,2016,2133,351,0.16455696202531644,0.37933188289848624,0.77464579316431159,2.4265535000013188,COMPLETE,hist_gradient_boosting|L+D+R|model_stage_v1__coarse__hist_gradient_boosting__007|seed=20260818
hist_gradient_boosting,HistGradientBoosting,model_stage_v1__coarse__hist_gradient_boosting__007,L+D+R,fold_2017,2017,1549,257,0.16591349257585539,0.42503275362338505,0.79909138547903291,2.5746477500069886,COMPLETE,hist_gradient_boosting|L+D+R|model_stage_v1__coarse__hist_gradient_boosting__007|seed=20260818
hist_gradient_boosting,HistGradientBoosting,model_stage_v1__coarse__hist_gradient_boosting__007,L+D+R,fold_2018,2018,1511,327,0.21641297154202516,0.43108730137818091,0.73465524010248773,2.687695958011318,COMPLETE,hist_gradient_boosting|L+D+R|model_stage_v1__coarse__hist_gradient_boosting__007|seed=20260818
hist_gradient_boosting,HistGradientBoosting,model_stage_v1__coarse__hist_gradient_boosting__007,L+D+R,fold_2019,2019,1638,326,0.19902319902319901,0.34778101990625021,0.67485363983241053,2.7721467079827562,COMPLETE,hist_gradient_boosting|L+D+R|model_stage_v1__coarse__hist_gradient_boosting__007|seed=20260818
hist_gradient_boosting,HistGradientBoosting,model_stage_v1__coarse__hist_gradient_boosting__007,L+D+R,fold_2020,2020,1688,219,0.12973933649289099,0.39402392299488953,0.80530662613339299,2.8733674170216545,COMPLETE,hist_gradient_boosting|L+D+R|model_stage_v1__coarse__hist_gradient_boosting__007|seed=20260818
xgboost,XGBoost,model_stage_v1__coarse__xgboost__004,L+D+R,fold_2015,2015,2241,506,0.22579205711735834,0.52770946717201517,0.79987470241824332,2.0475209999713115,COMPLETE,xgboost|L+D+R|model_stage_v1__coarse__xgboost__004|seed=20260818
xgboost,XGBoost,model_stage_v1__coarse__xgboost__004,L+D+R,fold_2016,2016,2133,351,0.16455696202531644,0.39083672140450593,0.77882816771705654,2.0642156249959953,COMPLETE,xgboost|L+D+R|model_stage_v1__coarse__xgboost__004|seed=20260818
xgboost,XGBoost,model_stage_v1__coarse__xgboost__004,L+D+R,fold_2017,2017,1549,257,0.16591349257585539,0.4398253520659931,0.8043948994711545,2.1123844159883447,COMPLETE,xgboost|L+D+R|model_stage_v1__coarse__xgboost__004|seed=20260818
xgboost,XGBoost,model_stage_v1__coarse__xgboost__004,L+D+R,fold_2018,2018,1511,327,0.21641297154202516,0.43327152859221074,0.73146024464831794,2.172964375000447,COMPLETE,xgboost|L+D+R|model_stage_v1__coarse__xgboost__004|seed=20260818
xgboost,XGBoost,model_stage_v1__coarse__xgboost__004,L+D+R,fold_2019,2019,1638,326,0.19902319902319901,0.32969517037145701,0.67292477180906785,2.22296629199991,COMPLETE,xgboost|L+D+R|model_stage_v1__coarse__xgboost__004|seed=20260818
xgboost,XGBoost,model_stage_v1__coarse__xgboost__004,L+D+R,fold_2020,2020,1688,219,0.12973933649289099,0.36080667976196701,0.79467130436944944,2.2701264579663984,COMPLETE,xgboost|L+D+R|model_stage_v1__coarse__xgboost__004|seed=20260818
random_forest,Random Forest,model_stage_v1__coarse__random_forest__003,L+D+R,fold_2015,2015,2241,506,0.22579205711735834,0.53081501714215673,0.79758517387887151,16.113938583992422,COMPLETE,random_forest|L+D+R|model_stage_v1__coarse__random_forest__003|seed=20260818
random_forest,Random Forest,model_stage_v1__coarse__random_forest__003,L+D+R,fold_2016,2016,2133,351,0.16455696202531644,0.39298858335705089,0.78382431468851221,21.156958792009391,COMPLETE,random_forest|L+D+R|model_stage_v1__coarse__random_forest__003|seed=20260818
random_forest,Random Forest,model_stage_v1__coarse__random_forest__003,L+D+R,fold_2017,2017,1549,257,0.16591349257585539,0.43807041737696795,0.80485718760164304,26.84961591695901,COMPLETE,random_forest|L+D+R|model_stage_v1__coarse__random_forest__003|seed=20260818
random_forest,Random Forest,model_stage_v1__coarse__random_forest__003,L+D+R,fold_2018,2018,1511,327,0.21641297154202516,0.43106539460032756,0.73475338870981077,32.050220291013829,COMPLETE,random_forest|L+D+R|model_stage_v1__coarse__random_forest__003|seed=20260818
random_forest,Random Forest,model_stage_v1__coarse__random_forest__003,L+D+R,fold_2019,2019,1638,326,0.19902319902319901,0.31870603837129774,0.66757303980248395,35.959097833023407,COMPLETE,random_forest|L+D+R|model_stage_v1__coarse__random_forest__003|seed=20260818
random_forest,Random Forest,model_stage_v1__coarse__random_forest__003,L+D+R,fold_2020,2020,1688,219,0.12973933649289099,0.35770875309464367,0.78915859264992494,39.6039475419675,COMPLETE,random_forest|L+D+R|model_stage_v1__coarse__random_forest__003|seed=20260818
pytorch_mlp,MLP (PyTorch),model_stage_v1__coarse__pytorch_mlp__epochs_200__003,L+D,fold_2015,2015,2241,506,0.22579205711735834,0.46982032795915701,0.76819833468123155,5.5228263749741018,COMPLETE,pytorch_mlp|L+D|model_stage_v1__coarse__pytorch_mlp__epochs_200__003|seed=20260818
pytorch_mlp,MLP (PyTorch),model_stage_v1__coarse__pytorch_mlp__epochs_200__003,L+D,fold_2016,2016,2133,351,0.16455696202531644,0.41063231883173412,0.77895447031249498,8.2818324170075357,COMPLETE,pytorch_mlp|L+D|model_stage_v1__coarse__pytorch_mlp__epochs_200__003|seed=20260818
pytorch_mlp,MLP (PyTorch),model_stage_v1__coarse__pytorch_mlp__epochs_200__003,L+D,fold_2017,2017,1549,257,0.16591349257585539,0.41504413275372121,0.78790612087554668,7.1418790419702418,COMPLETE,pytorch_mlp|L+D|model_stage_v1__coarse__pytorch_mlp__epochs_200__003|seed=20260818
pytorch_mlp,MLP (PyTorch),model_stage_v1__coarse__pytorch_mlp__epochs_200__003,L+D,fold_2018,2018,1511,327,0.21641297154202516,0.40837699303509556,0.71691617075791392,7.8556114580132999,COMPLETE,pytorch_mlp|L+D|model_stage_v1__coarse__pytorch_mlp__epochs_200__003|seed=20260818
pytorch_mlp,MLP (PyTorch),model_stage_v1__coarse__pytorch_mlp__epochs_200__003,L+D,fold_2019,2019,1638,326,0.19902319902319901,0.32644412860810923,0.65307613534340858,8.5073575419955887,COMPLETE,pytorch_mlp|L+D|model_stage_v1__coarse__pytorch_mlp__epochs_200__003|seed=20260818
pytorch_mlp,MLP (PyTorch),model_stage_v1__coarse__pytorch_mlp__epochs_200__003,L+D,fold_2020,2020,1688,219,0.12973933649289099,0.37135250431474898,0.79836095128857898,9.2086298749782145,COMPLETE,pytorch_mlp|L+D|model_stage_v1__coarse__pytorch_mlp__epochs_200__003|seed=20260818
