rank,family,family_label,configuration_id,model_configuration,feature_block,parameters_display,training_seed,status,failure_code,convergence_status,pooled_oof_n,pooled_oof_positive_n,pooled_oof_positive_share,pooled_oof_pr_auc,pooled_oof_roc_auc,fold_pr_auc_mean,fold_pr_auc_sample_sd,runtime_seconds,delta_pr_auc_vs_dummy,delta_pr_auc_vs_fixed_l2,identity
212,elastic_net_logistic,Regresja logistyczna Elastic Net,model_stage_v1__coarse__elastic_net_logistic__002,Regresja logistyczna Elastic Net | model_stage_v1__coarse__elastic_net_logistic__002,L,"{""C"": 0.01, ""imbalance"": ""none"", ""l1_ratio"": 0.5}",20260818,COMPLETE,,CONVERGED_NO_WARNINGS,10760,1986,0.1845724907063197,0.35729722524617075,0.73090901755644877,0.36120558665613006,0.047730763360529879,10.428784082992934,0.18501407432336034,-0.024357626682326383,elastic_net_logistic|L|model_stage_v1__coarse__elastic_net_logistic__002|seed=20260818
204,elastic_net_logistic,Regresja logistyczna Elastic Net,model_stage_v1__coarse__elastic_net_logistic__003,Regresja logistyczna Elastic Net | model_stage_v1__coarse__elastic_net_logistic__003,L,"{""C"": 0.01, ""imbalance"": ""sqrt"", ""l1_ratio"": 0.25}",20260818,COMPLETE,,CONVERGED_NO_WARNINGS,10760,1986,0.1845724907063197,0.36244149290377659,0.73284371957704386,0.36314268727767957,0.049988232639249286,10.463372417958453,0.19015834198096618,-0.019213359024720544,elastic_net_logistic|L|model_stage_v1__coarse__elastic_net_logistic__003|seed=20260818
148,elastic_net_logistic,Regresja logistyczna Elastic Net,model_stage_v1__coarse__elastic_net_logistic__002,Regresja logistyczna Elastic Net | model_stage_v1__coarse__elastic_net_logistic__002,L+D+R,"{""C"": 0.01, ""imbalance"": ""none"", ""l1_ratio"": 0.5}",20260818,COMPLETE,,CONVERGED_NO_WARNINGS,10760,1986,0.1845724907063197,0.37657742145962142,0.73878380714236025,0.37947369574507772,0.053324494611987253,10.788353207986802,0.20429427053681101,-0.0050774304688757099,elastic_net_logistic|L+D+R|model_stage_v1__coarse__elastic_net_logistic__002|seed=20260818
147,elastic_net_logistic,Regresja logistyczna Elastic Net,model_stage_v1__coarse__elastic_net_logistic__004,Regresja logistyczna Elastic Net | model_stage_v1__coarse__elastic_net_logistic__004,L+D+R,"{""C"": 0.01, ""imbalance"": ""sqrt"", ""l1_ratio"": 1.0}",20260818,COMPLETE,,CONVERGED_NO_WARNINGS,10760,1986,0.1845724907063197,0.37661188585420757,0.7393985502805025,0.37875741496363541,0.05261525572773789,10.913927875051741,0.20432873493139717,-0.0050429660742895566,elastic_net_logistic|L+D+R|model_stage_v1__coarse__elastic_net_logistic__004|seed=20260818
113,elastic_net_logistic,Regresja logistyczna Elastic Net,model_stage_v1__coarse__elastic_net_logistic__003,Regresja logistyczna Elastic Net | model_stage_v1__coarse__elastic_net_logistic__003,L+D+R,"{""C"": 0.01, ""imbalance"": ""sqrt"", ""l1_ratio"": 0.25}",20260818,COMPLETE,,CONVERGED_NO_WARNINGS,10760,1986,0.1845724907063197,0.38182471722566119,0.74013398094847205,0.38274531174576581,0.054005408772640463,11.293499415973201,0.20954156630285078,0.0001698652971640624,elastic_net_logistic|L+D+R|model_stage_v1__coarse__elastic_net_logistic__003|seed=20260818
58,xgboost,XGBoost,model_stage_v1__coarse__xgboost__009,XGBoost | model_stage_v1__coarse__xgboost__009,L,"{""colsample_bytree"": 0.7, ""gamma"": 0.1, ""imbalance"": ""sqrt"", ""learning_rate"": 0.05, ""max_depth"": 3, ""min_child_weight"": 1, ""n_estimators"": 200, ""reg_alpha"": 0.0, ""reg_lambda"": 5.0, ""subsample"": 0.7}",20260818,COMPLETE,,CONVERGED_NO_WARNINGS,10760,1986,0.1845724907063197,0.39300634997679451,0.75383706575157627,0.39570002258470277,0.063397689489233036,11.362590332981199,0.2207231990539841,0.011351498048297382,xgboost|L|model_stage_v1__coarse__xgboost__009|seed=20260818
9,xgboost,XGBoost,model_stage_v1__coarse__xgboost__009,XGBoost | model_stage_v1__coarse__xgboost__009,L+D,"{""colsample_bytree"": 0.7, ""gamma"": 0.1, ""imbalance"": ""sqrt"", ""learning_rate"": 0.05, ""max_depth"": 3, ""min_child_weight"": 1, ""n_estimators"": 200, ""reg_alpha"": 0.0, ""reg_lambda"": 5.0, ""subsample"": 0.7}",20260818,COMPLETE,,CONVERGED_NO_WARNINGS,10760,1986,0.1845724907063197,0.40571422642366489,0.75686466996809898,0.41228631593172566,0.06207027073576929,11.674923500977457,0.23343107550085448,0.024059374495167762,xgboost|L+D|model_stage_v1__coarse__xgboost__009|seed=20260818
2,xgboost,XGBoost,model_stage_v1__coarse__xgboost__009,XGBoost | model_stage_v1__coarse__xgboost__009,L+D+R,"{""colsample_bytree"": 0.7, ""gamma"": 0.1, ""imbalance"": ""sqrt"", ""learning_rate"": 0.05, ""max_depth"": 3, ""min_child_weight"": 1, ""n_estimators"": 200, ""reg_alpha"": 0.0, ""reg_lambda"": 5.0, ""subsample"": 0.7}",20260818,COMPLETE,,CONVERGED_NO_WARNINGS,10760,1986,0.1845724907063197,0.41088882686826944,0.75935887891786846,0.41637459440888697,0.065732859599848578,12.077202581975143,0.23860567594545903,0.029233974939772311,xgboost|L+D+R|model_stage_v1__coarse__xgboost__009|seed=20260818
1,xgboost,XGBoost,model_stage_v1__coarse__xgboost__004,XGBoost | model_stage_v1__coarse__xgboost__004,L+D+R,"{""colsample_bytree"": 0.7, ""gamma"": 0.0, ""imbalance"": ""sqrt"", ""learning_rate"": 0.02, ""max_depth"": 2, ""min_child_weight"": 20, ""n_estimators"": 500, ""reg_alpha"": 0.0, ""reg_lambda"": 1.0, ""subsample"": 1.0}",20260818,COMPLETE,,CONVERGED_NO_WARNINGS,10760,1986,0.1845724907063197,0.41167748793642267,0.75948605132209945,0.41369081989469153,0.069915636428580757,12.890178165922407,0.23939433701361226,0.030022636007925541,xgboost|L+D+R|model_stage_v1__coarse__xgboost__004|seed=20260818
